PLAYER_ID,GP,GS,MIN,FGM,FGA,FG3M,FG3A,FTM,FTA,OREB,DREB,REB,AST,STL,BLK,TOV,PF,PTS,FG_PCT,FG3_PCT,FT_PCT
2544,40,2816,107414,28080,55618,4466,12976,16078,21878,3304,17848,21152,20702,4352,2130,9844,5170,76704,0.51,0.34,0.73
2617,40,1002,43398,5320,10890,12,128,2472,3272,3230,8346,11576,1466,848,502,1618,4132,13124,0.46,0.05,0.69
2738,38,1568,78876,10048,21718,2162,6542,5658,7982,2232,9842,12074,10266,3524,1262,4472,4348,27916,0.47,0.34,0.63
101108,36,2378,81954,15118,32008,3204,8672,9368,10764,1454,9254,10708,22542,4998,372,5686,5760,42808,0.47,0.37,0.87
200752,42,1852,79060,15362,34172,2644,7684,7314,9122,3300,10968,14268,5338,2870,1804,5304,5714,40682,0.44,0.34,0.8
200768,38,1704,71514,10416,24564,4172,11434,7452,9156,1736,7972,9708,13952,2936,664,5246,6154,32456,0.42,0.34,0.82
200782,32,1368,54798,4666,11066,1898,5236,1616,2148,2816,7702,10518,2700,2134,582,1804,4708,12846,0.42,0.34,0.74
201142,30,1950,71824,18252,36622,3682,9600,13182,14878,1346,12470,13816,8478,2106,2190,6200,3786,53368,0.5,0.38,0.89
201143,32,1964,63776,11142,21706,1388,3788,3080,4058,3970,12090,16060,6510,1568,2332,2926,4404,26752,0.51,0.35,0.76
201144,32,1926,63726,10382,23698,3130,8216,5450,6652,946,5010,5956,11452,2814,414,3944,3970,29344,0.43,0.37,0.81
201145,46,1632,78314,12394,27726,2782,8312,6590,8212,2332,9132,11464,4184,1844,1352,3706,5880,34160,0.45,0.33,0.8
201152,40,1578,71456,13306,26596,1148,3482,3124,4742,4896,9314,14210,4686,3520,992,3570,5350,30884,0.51,0.29,0.63
201565,36,1042,46702,10426,22852,1264,3962,4534,5442,1158,3730,4888,7876,1168,526,3656,1876,26650,0.44,0.3,0.86
201566,30,2014,73776,17232,39430,2402,7904,11330,14540,3498,12218,15716,17988,3500,670,8732,5612,48196,0.44,0.3,0.77
201567,30,1324,51822,9642,21942,3072,8260,6948,8374,4236,13656,17892,3990,1070,698,3188,3382,29304,0.43,0.35,0.83
201568,30,1246,47768,7438,17432,3058,8050,6660,7608,1120,6510,7630,3036,1176,578,1936,2898,24594,0.42,0.38,0.88
201569,30,1230,51228,8742,20406,3654,9898,4568,5636,620,3194,3814,4490,1336,546,3092,2926,25706,0.43,0.36,0.81
201572,30,1760,55532,11448,23172,1492,4338,5572,7006,3746,7724,11470,2616,1056,3318,3106,4870,29960,0.49,0.18,0.79
201577,30,1208,41598,6924,12890,108,362,2590,3490,4280,5006,9286,1616,434,2076,2110,3682,16546,0.54,0.16,0.72
201580,42,780,33378,6684,11700,36,188,2178,3668,3658,6728,10386,878,774,2868,2038,4352,15582,0.56,0.12,0.61
201586,18,788,28426,5194,10194,775,2125,1403,1838,2085,5216,7301,873,425,1916,1335,2797,12566,0.51,0.35,0.76
201587,30,1634,58388,7448,17056,3096,8498,2958,3552,1922,7938,9860,6584,1812,1234,3158,3386,20950,0.44,0.36,0.82
201588,42,1146,56240,7718,16890,2438,6450,3874,4814,1256,4950,6206,6360,1870,540,2508,4012,21748,0.46,0.38,0.81
201599,38,1738,58646,8128,12106,4,26,3838,7810,6696,16234,22930,2278,1196,3258,3116,5560,20098,0.67,0.07,0.52
201609,42,1242,59674,10676,23144,2608,7266,4986,6554,1538,5024,6562,10056,2040,392,4750,4958,28946,0.44,0.35,0.76
201933,34,1546,54496,11992,24654,1410,4256,6954,9888,3128,10224,13352,6982,1380,772,3888,4538,32348,0.47,0.31,0.72
201935,36,1742,75840,15790,35762,5926,16428,15966,18552,1704,11024,12728,15840,3250,1198,8248,5564,53472,0.44,0.36,0.86
201937,24,1202,40574,4852,12486,1256,3842,3950,4690,842,4730,5572,10156,2416,178,3488,3404,14910,0.38,0.32,0.82
201939,28,1716,59350,14494,30542,6604,15446,6774,7452,1150,7008,8158,11264,2808,404,5440,4126,42366,0.47,0.42,0.91
201942,28,1988,69140,15180,32488,870,3000,11060,13164,1460,7472,8932,7952,1970,612,4186,4590,42290,0.47,0.27,0.84
201949,20,281,17897,2649,5617,453,1506,947,1408,696,2433,3129,1851,673,762,1203,2022,6698,0.46,0.28,0.65
201950,28,1600,58394,11324,24604,2530,6950,3598,4610,1630,5530,7160,11344,2646,894,4816,3906,28776,0.46,0.37,0.79
201959,32,1040,48578,7524,14530,100,398,2950,4140,4440,7610,12050,1958,1112,2000,2226,4968,18098,0.52,0.2,0.71
201976,22,964,31198,3444,8340,1770,4716,1212,1598,1232,3532,4764,3904,1284,592,1412,3506,9870,0.41,0.38,0.77
201980,28,1418,41504,5050,12000,3124,7824,1068,1328,998,4632,5630,2542,1694,1262,1632,2878,14292,0.41,0.38,0.67
201988,28,212,34884,5514,12926,2974,7636,1436,1678,506,2336,2842,3874,1090,148,1632,2192,15438,0.43,0.4,0.84
202066,42,692,35020,3712,9206,1624,4738,1370,1870,646,3156,3802,2712,1362,554,1526,3164,10418,0.38,0.3,0.66
202083,34,1644,59904,8088,19334,3920,10414,3652,4438,1026,4636,5662,3930,1918,410,2300,4182,23748,0.4,0.36,0.82
202322,22,1208,45176,8746,20342,1302,4042,5382,6936,722,4686,5408,11470,2090,878,4824,2788,24176,0.43,0.3,0.76
202324,28,1060,41472,7270,13646,76,384,3158,4796,4208,7832,12040,1780,1212,2014,2144,4444,17774,0.54,0.08,0.65
202330,26,1199,47423,8208,18119,2104,5702,5156,6250,1162,5692,6854,5352,1496,606,2976,2633,23676,0.46,0.34,0.76
202331,26,1456,52158,10858,24844,3936,10284,6224,7330,1342,8608,9950,5692,2654,678,4240,4120,31876,0.43,0.38,0.83
202397,50,484,39868,6430,15212,832,2548,1380,2060,746,4246,4992,7938,1498,516,2668,2604,15072,0.4,0.3,0.6
202681,24,1302,44566,11164,23706,3002,7670,5016,5684,1026,4060,5086,7430,1714,548,3376,3002,30346,0.47,0.39,0.89
202685,26,1494,41120,8630,15384,400,1140,4078,5172,4428,10602,15030,1968,648,1564,2674,4586,21738,0.56,0.25,0.79
202687,24,638,30656,3070,5776,0,6,1820,3266,3008,6308,9316,966,402,2018,1426,3402,7960,0.54,0.0,0.54
202689,24,1394,49620,9998,23908,3340,9284,5636,6708,836,4826,5662,7876,1846,564,3148,2222,28972,0.41,0.34,0.84
202691,20,1302,45232,10128,22264,4152,10010,2590,3038,634,4202,4836,3204,1206,730,2330,2906,26998,0.45,0.41,0.86
202692,34,366,36852,5828,13920,1846,4812,4006,4940,924,4784,5708,3344,1136,350,1940,2968,17508,0.42,0.35,0.81
202693,36,910,44194,7526,17008,1660,4834,2868,3704,2114,7102,9216,2916,1422,894,2730,4980,19580,0.43,0.34,0.79
202694,32,1140,48618,8134,18702,2932,7716,3150,4108,1620,6580,8200,2642,1222,548,2146,3986,22350,0.43,0.36,0.74
202695,22,1154,37980,8456,17134,1822,4764,4758,5542,1470,6282,7752,3582,2110,764,1960,2064,23492,0.49,0.37,0.84
202696,14,802,26985,6438,13049,818,2275,1419,1848,2142,6986,9128,2482,750,766,1509,2075,15113,0.49,0.29,0.76
202699,40,1900,69058,13662,28726,3078,8270,5436,6552,2202,11446,13648,5028,1646,1156,3142,4490,35838,0.47,0.36,0.83
202704,32,1120,44612,8388,19786,2302,6698,3356,3932,920,4386,5306,7572,1192,214,3312,3388,22434,0.42,0.34,0.85
202709,28,376,36342,4506,10146,938,2744,1740,2206,828,3354,4182,5032,1276,376,1736,2766,11690,0.44,0.33,0.79
202710,28,1378,52740,9348,20170,1290,3994,8598,10212,2546,5922,8468,6580,2664,750,2566,2318,28584,0.46,0.31,0.83
202711,22,1182,42444,7754,16920,3012,7688,3976,4590,778,4512,5290,2380,800,108,2432,2432,22496,0.46,0.39,0.87
202722,18,78,17092,2342,5604,1736,4440,814,944,292,2096,2388,870,384,324,500,1570,7234,0.41,0.38,0.86
203076,22,1254,43622,11356,21922,610,2020,7086,8904,3234,9812,13046,2982,1724,2948,2480,2998,30408,0.52,0.24,0.79
203078,22,1284,46870,10884,23732,2968,7976,5114,6218,1174,4324,5498,5716,1504,540,3288,2982,29850,0.46,0.37,0.81
203081,22,1504,54638,12216,27836,4624,12414,8498,9504,898,5386,6284,10048,1432,468,4242,2898,37554,0.44,0.37,0.89
203082,26,422,39050,6390,15224,2874,7932,1780,2128,524,3872,4396,1966,1328,524,1524,2658,17434,0.42,0.36,0.81
203083,34,1536,52654,10480,19442,40,324,3920,8002,7968,15776,23744,2808,2496,2552,3784,5728,24920,0.55,0.1,0.51
203084,26,1628,55940,8940,19808,2534,6638,4816,5962,1736,7108,8844,3152,1228,322,2182,2748,25230,0.45,0.38,0.8
203085,34,422,42372,5492,13152,1966,5700,1868,2878,562,3102,3664,3818,1234,300,1800,3776,14818,0.42,0.34,0.66
203095,26,1080,40246,7212,16232,2872,7526,2866,3590,564,3322,3886,3708,1260,240,2264,3374,20162,0.44,0.38,0.79
203109,32,1046,48348,6300,15174,2904,8506,2778,3560,1374,6812,8186,3072,1888,648,1664,3978,18282,0.42,0.34,0.78
203110,22,1164,42008,4660,10474,1202,3804,2162,3042,1570,8634,10204,8114,1994,1496,3266,4126,12684,0.44,0.3,0.72
203114,22,1166,41970,8190,17906,2474,6344,3778,4286,814,5610,6424,5032,1608,250,2784,3390,22632,0.45,0.38,0.88
203115,26,568,35712,5876,13638,1798,5104,2308,2930,982,4860,5842,3762,1080,576,2006,2204,15858,0.42,0.32,0.78
203145,28,692,32292,4552,11090,1642,4638,2082,2892,548,4418,4966,2676,1550,724,2150,3272,12828,0.4,0.35,0.7
203200,32,864,39994,4884,12346,2768,7644,1416,1718,620,4032,4652,2430,1548,706,1466,2742,13952,0.39,0.35,0.75
203210,26,346,24324,3562,7472,956,2604,1372,1750,1984,4760,6744,1056,676,510,1312,3132,9452,0.5,0.28,0.73
203457,22,482,22564,3116,5638,6,32,1322,2004,1976,4260,6236,1096,1300,1464,1278,2620,7560,0.56,0.12,0.69
203458,28,580,25524,4070,7848,268,838,2082,3076,2520,5354,7874,1184,534,1324,1578,3454,10490,0.53,0.28,0.66
203468,24,1206,44936,10548,23222,3376,8554,2990,3750,922,4118,5040,5282,1288,548,2564,2924,27462,0.45,0.39,0.77
203469,18,546,21948,3172,6102,64,290,1996,2730,1988,3910,5898,1382,640,642,1044,2562,8404,0.53,0.27,0.73
203471,24,666,39036,7510,17302,1712,5052,3582,4276,626,3676,4302,6732,1198,190,3374,3016,20314,0.43,0.33,0.83
203473,30,466,19968,2828,5522,416,1324,1088,1478,1752,4890,6642,750,576,934,1130,2950,7160,0.48,0.15,0.72
203476,28,454,28166,3928,7928,538,1470,2104,2652,2336,5602,7938,1864,1084,1234,1522,2972,10498,0.49,0.39,0.79
203482,24,540,33166,5444,11404,1838,5050,2426,3064,1716,5854,7570,3176,1174,704,2222,4132,15152,0.48,0.37,0.79
203484,20,1184,43138,6066,14314,2526,6896,2326,2860,896,3700,4596,2524,1636,346,1514,2724,16984,0.43,0.37,0.81
203486,24,1009,36933,5543,9474,4,94,2902,5140,3429,7596,11025,4190,1213,1437,2410,4455,13992,0.59,0.02,0.56
203488,24,90,17180,2370,5282,1102,2952,886,1056,864,2622,3486,974,364,534,638,1656,6728,0.45,0.34,0.85
203490,28,734,31034,4942,10426,1638,4122,1340,1672,1356,4716,6072,1900,1358,502,974,2098,12862,0.45,0.36,0.82
203493,28,662,27074,3194,7592,1904,5002,700,846,396,2602,2998,1450,678,180,702,1668,8992,0.39,0.35,0.78
203496,32,1210,43784,5652,13770,3192,8882,2204,2728,1330,7268,8598,2144,2352,1568,2132,4388,16700,0.42,0.36,0.75
203497,20,1128,39388,6050,9238,0,28,4292,6704,4334,10952,15286,1694,902,2830,2174,3424,16392,0.64,0.0,0.63
203500,20,1282,37890,5426,9238,2,30,2182,4072,5198,6378,11576,2158,1248,1350,2058,3496,13036,0.58,0.03,0.53
203501,24,768,38808,6942,16712,3106,8754,3026,3720,494,3602,4096,2666,918,196,1542,2422,20016,0.41,0.35,0.81
203504,13,139,12046,2177,5257,652,1871,660,812,208,819,1027,1764,323,61,625,732,5666,0.43,0.37,0.81
203506,26,858,33922,6596,15170,1718,5002,3082,3918,596,4138,4734,4152,1674,476,2620,2494,17992,0.42,0.34,0.77
203507,20,1266,45528,11342,21196,964,3360,7716,10864,2438,10902,13340,6484,1594,1780,4104,4226,31364,0.53,0.28,0.71
203521,22,186,20020,1970,5086,898,2486,704,846,348,1416,1764,3710,452,46,1252,1866,5542,0.37,0.34,0.82
203526,16,196,13206,1830,4000,512,1404,658,814,184,1102,1286,1760,548,66,772,1096,4830,0.47,0.36,0.83
203552,26,538,25082,4138,8670,1926,4420,1042,1206,300,1942,2242,2286,710,148,1150,1690,11244,0.38,0.46,0.6
203585,14,244,11694,1280,3052,550,1558,304,460,486,1190,1676,734,300,98,372,870,3414,0.44,0.37,0.66
203648,10,22,2502,336,668,18,116,128,236,226,318,544,174,94,54,176,344,818,0.5,0.08,0.41
203897,18,878,33878,7560,16398,2338,6074,3744,4506,496,3716,4212,4126,948,308,2790,2294,21202,0.45,0.38,0.83
203903,26,398,43008,9442,21332,2958,8616,3220,3906,1334,3834,5168,4216,1296,242,2750,2662,25062,0.44,0.35,0.83
203914,22,863,30338,4542,10182,1602,4376,1608,1974,633,1954,2587,2145,1189,234,1226,1926,12294,0.43,0.36,0.81
203915,22,576,27990,4504,10784,1606,4774,3188,4026,484,2734,3218,5116,686,266,1724,2346,13802,0.41,0.31,0.8
203920,16,194,12708,1452,2824,54,244,810,1158,1436,1820,3256,726,368,408,394,1146,3768,0.53,0.15,0.71
203924,22,650,35596,5394,11808,1480,4118,3390,4676,1144,4090,5234,1830,848,1468,1500,3062,15658,0.45,0.32,0.69
203925,18,560,23398,3628,7556,1918,4410,744,960,508,2424,2932,1502,456,186,1014,1928,9918,0.44,0.41,0.66
203926,26,206,30494,4936,10462,1952,4788,1244,1526,596,2844,3440,1398,308,160,966,2110,13068,0.46,0.4,0.8
203932,22,1072,36158,6272,13360,1382,4224,2658,3860,2066,5762,7828,3206,914,810,1926,2462,16584,0.47,0.32,0.69
203933,16,472,20018,4432,8750,524,1474,1340,1718,924,1958,2882,852,684,350,714,1664,10728,0.51,0.29,0.77
203935,18,680,33630,3958,10272,1738,5392,2136,2742,930,3082,4012,5224,1748,416,2072,2884,11790,0.39,0.32,0.77
203937,18,554,23502,2904,6072,478,1392,1178,1646,816,4040,4856,2692,1122,674,1090,1708,7464,0.47,0.33,0.7
203939,22,430,21826,3204,5430,248,846,2022,2702,1824,3366,5190,1138,732,538,806,2634,8678,0.59,0.22,0.72
203943,24,378,14218,1614,3486,232,768,702,1018,1190,3260,4450,652,338,334,660,1506,4162,0.46,0.32,0.64
203944,18,984,36172,7674,16310,1184,3544,4520,6078,2292,8510,10802,4132,808,504,3156,3582,21052,0.46,0.27,0.66
203952,22,1370,47694,9878,22016,2058,5862,4686,6516,1712,4456,6168,3326,1360,958,2736,3040,26500,0.45,0.35,0.7
203954,14,734,23180,6470,13068,870,2558,5872,7200,1674,6574,8248,2484,658,1210,2504,2278,19682,0.49,0.35,0.81
203967,16,516,23032,3754,8530,1314,3650,1684,1996,1404,3964,5368,1766,556,186,1412,2010,10506,0.43,0.36,0.85
203991,18,892,27276,5510,8820,0,8,1596,3004,3650,7268,10918,988,708,1518,1122,2464,12616,0.61,0.0,0.5
203992,12,312,19844,3626,8276,1642,4296,978,1194,314,2054,2368,2330,700,164,1012,1456,9872,0.44,0.38,0.82
203994,22,846,24862,4984,9910,142,478,2482,3748,2618,6192,8810,2312,922,1204,2246,3220,12592,0.5,0.12,0.66
203999,16,1064,35126,8830,16060,1152,3314,4198,5062,2974,8976,11950,7492,1378,812,3252,3182,23010,0.55,0.35,0.83
204001,18,862,26608,5910,13174,1528,4376,3438,4148,1550,5332,6882,1532,624,1576,1470,2604,16786,0.45,0.35,0.83
204038,24,128,22882,3034,7714,1522,4124,920,1130,484,2076,2560,1674,702,140,642,1614,8510,0.36,0.32,0.63
204060,18,626,31248,3700,8262,2208,5426,848,1102,392,3534,3926,4564,1112,186,1908,2262,10456,0.44,0.4,0.77
204456,16,182,23370,3276,6492,254,756,566,722,582,2580,3162,5324,1336,198,1712,1564,7372,0.5,0.33,0.78
1626145,16,160,19200,2582,5940,760,2124,770,944,248,1584,1832,3866,998,72,746,796,6694,0.43,0.35,0.81
1626149,20,78,24224,5696,9152,26,192,2800,4174,2140,3850,5990,1636,594,894,1236,2386,14218,0.63,0.1,0.66
1626153,24,246,25050,3228,7156,812,2346,1520,1898,956,2892,3848,3702,1418,430,1152,1306,8788,0.45,0.34,0.81
1626156,20,914,31316,6820,16084,2688,7454,2636,3328,526,3158,3684,5952,1154,306,2974,1982,18964,0.42,0.36,0.8
1626157,16,1006,34360,8566,16266,1634,4156,4446,5326,2966,8308,11274,3194,810,1354,2710,3430,23212,0.52,0.38,0.84
1626158,16,322,16426,3066,5048,92,344,1196,1600,1430,3042,4472,816,446,812,718,2142,7420,0.61,0.25,0.75
1626159,20,278,19364,2462,5950,488,1588,794,1254,828,3096,3924,1948,684,324,1098,1722,6206,0.41,0.26,0.63
1626161,22,592,21114,3486,6380,14,70,1212,1982,1582,4068,5650,1356,808,798,862,2228,8198,0.5,0.17,0.54
1626162,20,422,30276,5416,12466,1780,5434,2432,3242,1134,4022,5156,1220,1176,606,1288,2994,15044,0.43,0.32,0.74
1626163,16,98,16202,2600,6030,852,2432,1172,1574,592,2534,3126,1280,346,286,628,1216,7224,0.47,0.36,0.76
1626164,16,962,34150,8418,18382,2090,5840,5080,5848,538,3460,3998,4778,848,278,3124,2972,24006,0.46,0.36,0.86
1626166,24,136,13678,2224,5366,764,2150,552,678,224,1392,1616,2428,510,162,914,1298,5764,0.41,0.35,0.76
1626167,16,886,27460,4704,9504,924,2604,2208,2876,1366,5114,6480,1150,678,2184,1296,2796,12540,0.5,0.34,0.76
1626168,20,298,20936,3314,7430,1022,3030,1576,2084,1014,3980,4994,1204,440,422,970,1650,9226,0.45,0.34,0.74
1626169,20,222,20016,2382,6106,802,2652,916,1218,566,2638,3204,1524,874,240,1114,1958,6482,0.41,0.32,0.73
1626171,20,324,24790,5170,10998,1220,3210,1258,1648,2158,5584,7742,1388,640,404,1240,2188,12818,0.47,0.37,0.76
1626172,16,396,14504,1768,3054,20,116,608,1000,1672,2736,4408,1270,414,472,484,1838,4164,0.55,0.17,0.55
1626174,18,282,13434,2990,5726,718,1890,1500,2198,822,3294,4116,756,328,506,844,1068,8198,0.51,0.35,0.69
1626179,16,559,28058,5081,12182,2145,5789,1707,2074,713,3408,4121,3456,970,247,1356,1522,14014,0.39,0.35,0.81
1626181,24,588,28542,5310,11368,1940,4900,2810,3386,476,2700,3176,1856,998,336,1524,2252,15370,0.47,0.4,0.83
1626184,12,14,4436,526,1308,244,682,336,404,58,350,408,488,134,24,254,472,1632,0.34,0.3,0.87
1626188,18,58,5994,1082,2346,404,986,142,182,98,578,676,684,120,16,310,448,2710,0.46,0.42,0.69
1626192,16,112,17302,2046,4668,1084,2986,404,520,632,2518,3150,1132,444,244,488,1048,5580,0.43,0.36,0.79
1626195,18,94,11024,2078,3878,80,258,1144,1628,1512,2696,4208,774,310,296,740,1234,5380,0.54,0.29,0.68
1626196,20,634,31134,4650,10810,1734,4682,1750,2068,766,2582,3348,2836,1112,598,1456,2406,12784,0.43,0.38,0.84
1626204,24,340,25976,3680,6806,408,1232,1140,1660,2186,4894,7080,1988,1312,576,1040,2478,8908,0.54,0.29,0.71
1626220,12,558,22394,1960,4468,1076,2794,498,634,522,3490,4012,1932,670,348,862,1994,5494,0.44,0.38,0.78
1626224,12,362,18216,2720,6338,1174,3344,892,1252,360,1976,2336,1552,536,110,846,1528,7506,0.44,0.35,0.69
1626246,24,76,7464,1796,3104,28,100,1164,1518,1036,2028,3064,438,162,262,580,944,4784,0.58,0.13,0.76
1627732,10,614,20670,3816,6814,10,70,1668,2820,1118,3798,4916,4728,1034,440,2026,1808,9310,0.56,0.12,0.57
1627734,18,770,31274,6238,11412,482,1502,3144,4292,2566,7784,10350,4322,812,472,2598,3280,16102,0.54,0.33,0.73
1627736,18,228,19368,3534,8332,1896,4978,696,850,342,1984,2326,1170,546,120,724,1078,9660,0.43,0.37,0.81
1627737,16,298,11674,1794,4004,354,1254,834,1244,804,2212,3016,640,408,476,768,1638,4776,0.41,0.24,0.68
1627741,22,876,39606,7638,17828,4062,10270,1734,2008,986,4804,5790,3362,1114,374,2358,2788,21072,0.43,0.4,0.86
1627742,14,698,25430,5240,11384,1050,2902,2942,3798,576,3426,4002,3022,552,444,1900,1882,14472,0.46,0.36,0.77
1627745,10,85,3757,528,799,14,51,285,403,284,577,861,196,91,189,174,542,1355,0.64,0.1,0.67
1627747,22,586,27076,5408,12398,1372,4100,2200,2950,696,2974,3670,3872,996,344,1798,1980,14388,0.44,0.33,0.75
1627749,12,596,20092,4084,8946,640,1880,1254,1604,718,3656,4374,3692,1070,202,1412,1334,10062,0.45,0.34,0.77
1627750,12,630,23698,4808,10738,1562,4214,1920,2204,610,2278,2888,3166,742,236,1544,1414,13098,0.45,0.37,0.87
1627751,14,416,19102,3154,5028,4,6,818,1544,2356,3492,5848,1470,496,1148,998,2144,7130,0.62,0.21,0.53
1627752,18,456,20984,3210,7666,1462,3898,1222,1492,440,2874,3314,1530,708,384,1324,1808,9104,0.42,0.38,0.82
1627759,14,686,26498,5890,12388,1682,4582,2360,3264,838,3818,4656,1948,868,336,1792,2266,15822,0.47,0.36,0.72
1627763,14,516,22338,4298,9246,1218,3168,1796,2038,610,2570,3180,3522,626,178,1326,1430,11610,0.47,0.38,0.88
1627774,12,98,6198,916,1992,262,874,256,356,204,630,834,254,198,142,244,508,2350,0.41,0.27,0.72
1627777,14,36,10872,1640,3726,1052,2582,284,324,194,1286,1480,616,216,86,416,1074,4616,0.41,0.31,0.84
1627780,18,90,4986,726,1372,160,490,106,190,274,676,950,386,338,84,192,580,1718,0.51,0.34,0.51
1627783,14,700,26876,5596,11498,888,2720,2684,3476,1282,4464,5746,3026,808,592,1654,2472,14764,0.49,0.29,0.75
1627788,12,98,10098,1464,3616,770,2174,524,690,162,1044,1206,724,320,80,390,608,4222,0.39,0.34,0.71
1627789,16,134,11846,1460,3750,712,2144,704,856,270,1236,1506,638,302,100,506,1356,4336,0.38,0.32,0.8
1627814,12,114,11526,1578,3614,724,1902,674,768,252,1622,1874,784,366,52,444,878,4554,0.44,0.37,0.87
1627823,24,198,13078,1468,3460,668,1946,656,994,676,2174,2850,550,328,180,430,908,4260,0.4,0.3,0.65
1627826,18,636,18936,3256,5484,2,24,1628,2164,2202,4330,6532,1056,290,850,1090,2214,8142,0.58,0.03,0.75
1627827,14,644,24096,2632,5944,1274,3538,650,902,1294,2666,3960,1226,708,376,746,1866,7188,0.43,0.35,0.73
1627832,14,488,23056,3816,9454,1856,4934,1806,2084,334,2280,2614,3996,1020,316,1274,1636,11294,0.4,0.38,0.86
1627853,12,72,7494,700,1626,348,930,268,332,106,760,866,924,234,14,254,680,2016,0.4,0.37,0.51
1627854,18,338,19682,3170,7298,1676,4090,830,988,158,1460,1618,1192,376,36,702,1376,8846,0.42,0.39,0.86
1627863,20,214,12442,1458,3410,768,2102,622,822,314,1490,1804,664,330,216,436,894,4306,0.34,0.28,0.61
1627884,18,210,12822,1578,3112,306,1030,782,1106,838,1376,2214,466,410,468,364,1324,4244,0.49,0.24,0.72
1627885,14,46,5972,748,1754,104,382,370,510,158,780,938,592,368,134,250,580,1970,0.38,0.18,0.66
1627936,12,108,11430,1140,2672,426,1146,580,782,286,1130,1416,1496,658,196,656,1054,3286,0.43,0.38,0.74
1628021,12,100,9166,1206,2462,174,544,658,978,472,1260,1732,492,354,212,326,894,3244,0.5,0.31,0.68
1628365,12,237,8346,1520,3301,122,447,490,688,245,846,1091,1605,391,78,645,638,3652,0.44,0.23,0.7
1628366,10,478,16374,2234,5580,1190,3266,332,574,524,2370,2894,3126,782,324,1274,1094,5990,0.4,0.36,0.59
1628367,14,190,15096,2684,6478,592,2062,1248,1828,542,2058,2600,1176,554,382,1166,1642,7208,0.41,0.27,0.7
1628368,12,710,23818,5398,11532,878,2730,2902,3958,378,2298,2676,4588,960,316,2038,1940,14576,0.47,0.32,0.74
1628369,12,830,28098,6456,14114,1988,5256,3468,4082,746,4962,5708,2654,926,578,1840,1758,18368,0.46,0.38,0.85
1628370,12,76,14852,2780,6512,1182,3372,940,1110,254,1438,1692,1648,390,178,976,1012,7682,0.42,0.35,0.84
1628371,8,212,7125,975,2233,276,831,380,480,358,1159,1517,298,304,413,302,554,2606,0.45,0.36,0.67
1628372,20,410,15782,2667,6546,624,2022,944,1436,386,1488,1874,2785,734,238,1423,1349,6902,0.39,0.27,0.68
1628373,12,124,10370,1114,3006,396,1228,334,436,188,884,1072,1334,402,124,646,1156,2958,0.37,0.33,0.74
1628374,12,610,20142,3878,8524,1564,4168,1800,2102,790,3872,4662,878,440,342,886,1250,11120,0.46,0.38,0.85
1628378,12,762,26400,6730,15136,2238,6136,3154,3766,618,2588,3206,3510,1024,230,2170,1968,18852,0.45,0.37,0.84
1628379,12,170,15354,2332,5168,1216,2844,594,680,166,1694,1860,1280,330,96,614,962,6474,0.45,0.43,0.88
1628380,10,46,8108,1138,2406,238,718,490,662,608,1414,2022,608,150,308,548,1086,3004,0.47,0.34,0.73
1628381,12,576,19856,4278,7730,630,1772,1700,2178,1554,4010,5564,1028,396,722,1006,2126,10886,0.55,0.35,0.78
1628382,24,156,14224,1898,4458,724,2220,518,648,356,1544,1900,870,282,118,360,850,5038,0.36,0.29,0.72
1628384,12,544,19342,2944,6298,1068,2880,852,1160,756,2232,2988,1040,848,346,864,1630,7808,0.47,0.37,0.71
1628386,16,736,24974,4220,6736,50,244,2334,3330,2548,5554,8102,1304,520,1222,1254,1770,10824,0.63,0.17,0.71
1628389,12,576,22776,4354,7846,16,120,2614,3488,1752,4926,6678,2692,796,696,1664,1956,11338,0.55,0.12,0.75
1628391,14,14,4472,624,1500,252,762,160,254,200,928,1128,262,102,118,202,438,1660,0.47,0.29,0.62
1628392,14,26,7728,1198,2104,56,174,502,732,896,1452,2348,702,274,440,492,1202,2954,0.56,0.24,0.69
1628396,16,52,5342,950,1482,10,28,260,382,724,1210,1934,254,114,256,268,614,2170,0.57,0.19,0.73
1628398,12,526,24360,4848,10788,1528,4526,1616,2238,852,4152,5004,1926,440,416,1590,1652,12840,0.45,0.34,0.72
1628401,16,512,20840,3156,7210,1066,3152,1776,2100,388,2204,2592,3106,614,618,1058,1714,9154,0.44,0.37,0.83
1628404,16,442,23084,2986,6416,1064,3104,1360,1832,820,4176,4996,2076,774,252,1070,1912,8396,0.47,0.34,0.74
1628408,12,12,3808,520,1274,164,512,148,220,130,510,640,378,122,68,174,334,1352,0.46,0.29,0.44
1628410,10,80,4280,670,1428,162,488,360,448,96,368,464,350,176,64,248,460,1862,0.55,0.25,0.58
1628415,12,586,18284,3520,8442,1038,3040,1300,1632,474,1508,1982,1344,600,180,1022,2128,9378,0.42,0.34,0.79
1628416,10,54,4756,724,1830,322,930,242,370,144,572,716,382,90,18,182,338,2012,0.47,0.36,0.52
1628418,12,266,8568,1782,2956,228,624,658,868,648,1842,2490,494,150,338,346,772,4450,0.57,0.33,0.73
1628420,12,300,16694,2700,5624,790,2004,646,784,230,1378,1608,2566,508,112,522,762,6836,0.51,0.33,0.85
1628427,8,8,2134,266,542,102,248,82,100,82,260,342,168,60,28,104,216,716,0.48,0.37,0.84
1628432,8,14,2478,262,638,130,338,62,90,52,352,404,170,88,30,86,226,716,0.38,0.4,0.51
1628436,22,74,6222,856,1922,324,1034,208,276,350,874,1224,422,134,378,168,484,2244,0.4,0.19,0.6
1628449,12,46,10216,1790,3712,492,1484,998,1288,1048,1964,3012,274,290,616,290,1156,5070,0.4,0.27,0.66
1628464,20,450,17178,2644,4890,482,1484,902,1274,1242,2952,4194,1068,420,700,738,2192,6672,0.54,0.33,0.68
1628467,12,270,15906,1742,3884,860,2394,544,684,818,2460,3278,732,296,646,464,1446,4888,0.45,0.36,0.8
1628470,20,320,18648,2250,4906,850,2472,462,644,1168,2610,3778,1006,516,510,644,1928,5812,0.46,0.34,0.7
1628539,10,30,2898,386,972,270,748,62,84,30,232,262,88,44,34,74,204,1104,0.37,0.36,0.88
1628960,10,296,11090,1562,3578,900,2274,630,736,212,1108,1320,820,302,88,420,690,4654,0.43,0.39,0.85
1628962,6,12,646,110,150,0,0,32,54,64,158,222,10,8,38,38,82,252,0.67,0.0,0.56
1628963,14,230,11676,2478,4912,252,906,914,1362,1118,2302,3420,402,234,292,550,1000,6122,0.5,0.26,0.69
1628964,10,162,9748,1586,3322,492,1368,410,598,870,2242,3112,486,200,728,440,1146,4074,0.48,0.35,0.68
1628966,14,70,7842,1082,2342,250,784,466,640,362,1118,1480,332,244,178,252,444,2880,0.46,0.31,0.72
1628969,10,594,23328,3312,6640,1046,2778,1184,1398,650,2244,2894,1676,934,456,690,1486,8854,0.5,0.38,0.84
1628971,10,406,15604,2084,4316,366,1042,740,1000,718,2012,2730,1518,590,360,686,1568,5274,0.48,0.34,0.74
1628972,14,134,11544,1452,3384,466,1380,430,558,466,1818,2284,860,396,74,420,838,3800,0.43,0.33,0.77
1628973,10,354,17138,3392,6934,744,1956,1362,1668,296,1740,2036,2690,414,52,922,1158,8890,0.49,0.38,0.8
1628975,14,84,10514,1176,2994,724,1866,210,258,224,1038,1262,1106,410,176,418,874,3286,0.4,0.4,0.8
1628976,14,533,15948,2735,5340,304,986,1398,1901,1399,3681,5080,1193,354,484,965,1748,7172,0.51,0.28,0.74
1628977,14,106,11794,2136,4382,208,712,980,1564,630,1848,2478,744,506,190,674,1374,5460,0.49,0.29,0.62
1628978,14,208,13656,1796,4418,932,2630,586,744,566,2022,2588,1528,644,122,810,958,5110,0.39,0.34,0.79
1628981,12,34,3170,474,868,14,88,200,322,320,666,986,204,60,142,216,484,1162,0.56,0.27,0.65
1628983,10,564,18854,4160,8654,688,1974,2810,3356,406,2232,2638,2620,710,430,1346,1262,11818,0.48,0.36,0.83
1628984,10,326,15008,2146,5778,1374,3862,1042,1272,246,1098,1344,2632,468,90,854,762,6708,0.37,0.34,0.8
1628988,14,152,12394,1774,4240,612,1620,650,768,218,1018,1236,1612,466,140,714,1072,4810,0.42,0.38,0.85
1628989,10,528,19198,2904,6620,1388,3620,502,656,388,1852,2240,2030,614,218,870,1526,7698,0.44,0.38,0.77
1628991,10,460,12932,2680,5828,788,2234,1446,1832,658,1910,2568,540,424,966,790,1762,7594,0.46,0.34,0.79
1628993,16,2,1470,186,394,10,52,78,114,210,368,578,82,40,20,88,148,460,0.42,0.13,0.58
1628995,14,124,9644,1368,3610,596,1748,604,848,292,1258,1550,394,198,148,442,860,3936,0.38,0.32,0.73
1628997,8,120,7698,1020,2234,352,958,354,480,342,912,1254,454,300,132,300,586,2746,0.45,0.39,0.75
1628998,8,48,7504,780,1708,196,616,292,444,360,896,1256,742,336,108,294,518,2048,0.44,0.28,0.62
1629001,10,188,12466,1808,4388,808,2182,564,734,420,1688,2108,1584,796,280,816,1104,4988,0.41,0.36,0.77
1629002,10,52,4854,834,1730,154,512,300,390,228,1040,1268,270,170,132,276,448,2122,0.49,0.18,0.77
1629003,10,86,9554,1640,3584,450,1232,664,806,226,874,1100,1216,224,116,534,862,4394,0.45,0.36,0.8
1629004,18,120,11098,1542,3886,860,2470,384,504,206,996,1202,892,396,68,626,636,4328,0.38,0.38,0.64
1629006,10,248,11234,1164,2906,332,1206,904,1208,572,1130,1702,666,524,240,510,1090,3564,0.4,0.28,0.74
1629008,8,214,8240,1788,3514,688,1644,442,558,402,1518,1920,342,204,196,354,652,4706,0.47,0.37,0.74
1629010,10,36,5168,604,1650,254,810,204,286,66,608,674,436,158,86,260,602,1666,0.36,0.31,0.7
1629011,5,154,6495,949,1326,0,0,318,594,936,1122,2058,165,231,526,176,803,2216,0.7,0.0,0.53
1629012,10,436,16304,3652,7894,736,1926,1838,2220,446,1062,1508,1662,408,54,1230,1208,9878,0.47,0.36,0.81
1629013,14,234,17076,2214,5376,1516,3834,780,932,166,1148,1314,1214,342,108,500,1366,6724,0.41,0.4,0.84
1629014,10,172,12406,2326,5348,1146,2932,734,856,164,1028,1192,1258,218,72,684,950,6532,0.43,0.38,0.8
1629018,14,382,18134,3222,7672,1568,4064,1044,1274,250,1194,1444,882,722,140,454,1008,9056,0.41,0.36,0.76
1629020,14,276,8872,1094,1886,44,158,440,698,934,1950,2884,638,456,220,432,914,2672,0.51,0.1,0.64
1629021,16,150,8748,1486,3068,414,1284,922,1118,430,1550,1980,640,266,174,580,1278,4308,0.45,0.32,0.79
1629022,10,176,10562,1842,4366,654,1874,594,742,134,1014,1148,756,276,126,436,688,4932,0.41,0.37,0.8
1629023,8,398,14432,2228,4978,822,2248,690,958,576,2046,2622,1120,448,476,756,1248,5968,0.45,0.37,0.72
1629026,10,136,10772,1332,2854,428,1198,202,386,694,1538,2232,970,408,158,402,990,3294,0.45,0.36,0.52
1629027,10,654,22136,5346,12202,1660,4738,4340,4964,432,2010,2442,6014,612,98,2704,1108,16692,0.44,0.35,0.87
1629028,10,550,17248,4106,6892,42,158,1090,1460,1754,4156,5910,956,378,554,986,1582,9344,0.59,0.22,0.75
1629029,10,622,21284,5808,12490,1724,5080,3722,5060,632,4712,5344,4978,698,270,2502,1434,17062,0.47,0.34,0.73
1629033,10,0,1794,194,620,92,376,104,114,38,250,288,216,60,12,124,150,584,0.29,0.23,0.74
1629048,8,42,3926,622,1296,110,430,288,424,378,586,964,266,98,298,206,600,1642,0.48,0.25,0.65
1629052,8,84,5958,754,1810,314,888,464,650,378,940,1318,244,190,116,184,460,2286,0.41,0.33,0.74
1629056,12,54,8766,1580,3650,774,2126,408,486,232,1226,1458,738,362,126,534,904,4342,0.43,0.36,0.85
1629057,10,174,7804,1256,1714,0,6,310,464,992,1624,2616,562,278,650,328,722,2822,0.73,0.0,0.66
1629060,12,252,11926,2238,4668,390,1114,792,1050,424,1768,2192,586,264,100,456,736,5658,0.48,0.34,0.71
1629103,10,12,3436,546,1322,186,612,114,134,128,440,568,164,86,74,128,316,1392,0.33,0.25,0.65
1629111,4,6,2498,440,866,92,316,190,236,280,368,648,174,42,74,148,274,1162,0.51,0.29,0.81
1629117,18,28,4152,574,1116,100,310,252,400,414,620,1034,148,112,138,218,676,1500,0.41,0.28,0.56
1629130,10,418,14266,2020,4700,1616,4034,408,472,100,1416,1516,792,266,106,468,1284,6064,0.41,0.37,0.83
1629134,10,230,9728,1920,4316,710,2006,366,420,116,870,986,912,276,70,536,692,4916,0.43,0.35,0.89
1629139,10,16,4332,518,1166,232,586,170,248,182,634,816,214,128,104,122,350,1438,0.42,0.34,0.65
1629162,8,14,5434,606,1372,194,574,176,236,114,448,562,1126,314,44,268,272,1582,0.44,0.32,0.8
1629185,12,12,2878,334,914,172,488,50,60,62,278,340,600,126,30,226,254,890,0.33,0.37,0.57
1629216,8,80,6656,886,2232,472,1402,208,246,94,458,552,772,248,34,382,678,2452,0.35,0.31,0.64
1629234,14,152,9200,1478,2434,32,112,702,944,892,1832,2724,574,226,424,550,976,3690,0.61,0.43,0.76
1629308,8,70,5478,596,1146,154,444,152,242,160,888,1048,656,224,110,324,604,1498,0.51,0.32,0.65
1629312,6,20,1868,184,448,82,236,20,54,106,246,352,70,66,26,66,148,470,0.39,0.3,0.27
1629597,4,0,112,12,24,0,6,0,0,6,12,18,6,2,2,8,20,24,0.33,0.0,0.0
1629599,8,82,5318,652,1498,270,728,358,442,112,498,610,416,120,40,166,370,1932,0.42,0.35,0.73
1629603,6,12,842,104,224,10,54,34,50,56,152,208,24,26,38,32,120,252,0.46,0.14,0.44
1629604,4,56,2732,292,748,88,320,142,198,154,364,518,194,82,44,122,286,814,0.39,0.25,0.72
1629610,10,20,2272,242,564,90,306,38,44,82,242,324,104,68,42,60,232,612,0.45,0.24,0.71
1629611,8,158,10408,1456,2948,338,898,570,728,446,1394,1840,962,252,110,390,894,3820,0.49,0.38,0.76
1629614,2,72,2578,316,742,118,346,48,54,50,224,274,384,98,18,168,254,798,0.43,0.34,0.89
1629622,8,82,7302,1128,2636,730,1964,234,286,130,728,858,452,148,54,232,528,3220,0.49,0.27,0.84
1629623,2,0,398,52,122,18,52,38,70,6,44,50,46,10,2,24,34,160,0.43,0.35,0.54
1629626,8,68,2966,540,974,80,230,170,236,134,614,748,118,58,176,234,188,1330,0.52,0.35,0.65
1629627,6,228,7300,2258,3732,46,134,1320,1910,578,1008,1586,818,210,128,650,484,5882,0.6,0.36,0.68
1629628,8,490,16612,3178,7546,822,2346,1700,2398,458,2264,2722,1408,348,122,1048,1140,8878,0.42,0.35,0.71
1629629,12,154,9528,1400,3538,530,1600,798,930,228,894,1122,476,408,150,518,704,4128,0.4,0.32,0.87
1629630,8,462,14904,3762,7966,588,1808,2212,2934,478,1708,2186,3406,450,132,1550,724,10324,0.47,0.33,0.75
1629631,8,354,11362,1810,4098,570,1574,876,1094,230,1292,1522,572,244,118,512,1056,5066,0.45,0.36,0.81
1629632,8,144,12884,2198,5308,1012,2764,682,808,164,1460,1624,1524,298,72,742,1018,6090,0.42,0.37,0.83
1629633,8,86,4960,734,1830,184,666,216,424,254,550,804,346,200,108,272,478,1868,0.4,0.22,0.56
1629634,8,54,9732,2070,3428,98,338,674,954,796,1736,2532,632,320,400,344,840,4912,0.61,0.25,0.71
1629636,8,444,15284,3046,6836,994,2590,1176,1344,218,962,1180,3018,510,44,1390,816,8262,0.44,0.38,0.87
1629637,8,94,7704,1296,2076,60,196,798,1112,660,1176,1836,316,184,318,328,922,3450,0.61,0.29,0.72
1629638,12,118,10116,1758,4508,734,2230,524,720,208,1114,1322,1158,360,180,708,818,4774,0.39,0.34,0.75
1629639,8,150,13526,2780,6332,1050,2754,956,1106,182,1942,2124,1510,302,92,930,622,7566,0.44,0.38,0.86
1629640,8,378,12382,2452,5272,682,1854,1084,1424,450,1852,2302,838,290,98,558,814,6670,0.49,0.41,0.77
1629641,12,70,5682,630,1450,162,522,194,316,266,502,768,222,148,112,150,412,1616,0.44,0.24,0.6
1629642,8,62,5624,712,1558,248,738,298,418,270,820,1090,250,106,144,180,472,1970,0.46,0.33,0.7
1629643,3,46,3274,383,986,185,572,101,126,110,494,604,245,156,73,104,177,1052,0.39,0.32,0.79
1629644,8,24,1930,170,416,56,196,48,72,80,216,296,94,46,52,56,250,444,0.46,0.23,0.66
1629645,8,254,10528,1892,4422,692,1972,814,1144,280,1212,1492,1748,374,120,1038,922,5290,0.43,0.34,0.72
1629646,4,2,990,154,234,4,20,50,72,132,242,374,72,26,78,72,164,362,0.65,0.17,0.71
1629647,8,236,10628,1484,3626,458,1480,642,950,362,2038,2400,538,256,330,556,436,4068,0.41,0.33,0.66
1629650,12,90,3860,678,1180,0,0,400,700,584,1028,1612,34,98,188,200,488,1756,0.56,0.0,0.54
1629651,8,138,6404,1148,1674,4,28,354,682,558,1268,1826,338,166,456,252,656,2654,0.65,0.09,0.52
1629652,8,356,10908,1704,4278,726,2146,888,1130,332,1030,1362,620,342,106,512,1066,5022,0.4,0.33,0.78
1629653,6,0,376,46,108,8,40,10,18,18,30,48,60,20,0,16,46,110,0.37,0.2,0.19
1629655,12,202,9082,1712,2448,0,2,720,1104,990,1484,2474,374,226,734,442,1150,4144,0.7,0.0,0.64
1629656,4,88,4198,508,1174,310,840,128,162,124,366,490,266,124,56,146,370,1454,0.43,0.37,0.75
1629659,8,50,7054,1136,2640,234,864,492,636,160,768,928,886,314,128,482,686,2998,0.44,0.28,0.7
1629660,8,14,4938,746,1790,332,942,204,248,78,448,526,712,158,38,244,420,2028,0.41,0.35,0.82
1629661,8,102,9644,1468,3314,864,2186,442,526,272,1166,1438,556,288,116,254,630,4242,0.45,0.4,0.83
1629662,10,0,1276,162,424,70,242,74,90,56,216,272,72,36,56,66,168,468,0.4,0.24,0.68
1629667,8,82,7114,1013,2182,299,870,396,510,280,1058,1338,464,249,144,341,760,2721,0.47,0.35,0.78
1629669,8,4,5930,1182,2670,340,1066,402,506,150,602,752,646,178,54,244,486,3106,0.42,0.28,0.83
1629670,6,36,4112,648,1588,294,782,184,222,150,646,796,208,108,64,230,268,1774,0.42,0.4,0.82
1629672,3,31,3086,580,1173,95,291,297,392,140,369,509,214,53,25,164,244,1552,0.49,0.33,0.75
1629673,8,204,12320,2426,5756,1032,3070,1326,1512,158,1078,1236,1530,334,108,982,1052,7210,0.41,0.33,0.87
1629674,4,0,290,46,92,0,0,22,38,36,44,80,14,2,18,14,50,114,0.6,0.0,0.32
1629675,8,80,7810,1664,3330,388,1148,638,896,548,1402,1950,446,244,426,466,1096,4354,0.49,0.34,0.7
1629676,8,126,5546,862,1762,186,518,362,538,364,934,1298,424,204,154,356,624,2272,0.36,0.27,0.46
1629678,6,6,2374,266,626,126,388,78,98,86,290,376,126,36,24,68,320,736,0.43,0.32,0.79
1629680,8,156,9682,826,1840,328,1010,152,228,266,614,880,480,712,406,258,974,2132,0.45,0.32,0.65
1629681,4,8,1286,124,368,74,238,28,38,54,114,168,60,56,46,30,156,350,0.34,0.31,0.72
1629683,6,0,544,66,146,6,32,38,46,12,52,64,48,24,8,36,82,176,0.44,0.19,0.77
1629684,8,106,10972,1108,2426,514,1344,444,558,454,1288,1742,588,266,276,450,1288,3174,0.45,0.36,0.77
1629685,4,0,1944,188,456,94,294,72,90,82,310,392,134,66,30,96,168,542,0.41,0.32,0.81
1629686,4,0,320,30,100,22,70,6,12,0,70,70,12,10,2,10,26,88,0.22,0.25,0.25
1629716,4,0,64,2,6,0,0,10,16,6,10,16,0,6,4,4,2,14,0.17,0.0,0.31
1629718,10,10,1094,78,280,20,108,64,70,66,104,170,46,52,24,38,116,240,0.27,0.15,0.74
1629723,8,58,6146,662,1350,250,646,146,208,364,1082,1446,492,262,90,160,408,1720,0.52,0.41,0.69
1629726,8,114,7158,730,1848,574,1570,598,708,128,598,726,246,234,72,154,724,2632,0.4,0.37,0.88
1629731,8,112,5602,586,1304,324,872,126,182,168,772,940,302,166,84,120,456,1622,0.51,0.41,0.51
1629750,12,104,6766,812,1518,156,456,394,522,384,802,1186,286,338,144,222,624,2174,0.52,0.34,0.77
1629788,1,0,2,0,0,0,0,0,0,0,0,0,0,0,0,0,0,0,0.0,0.0,0.0
1629875,2,0,274,50,102,10,28,6,10,4,24,28,48,14,6,12,18,116,0.49,0.36,0.6
1629962,4,0,438,52,144,42,106,22,28,2,20,22,22,20,8,14,36,168,0.37,0.39,0.79
1630162,6,364,13588,3086,7032,1074,3066,1334,1718,312,1714,2026,1474,560,232,1078,864,8580,0.44,0.35,0.78
1630163,6,268,9740,2122,4992,840,2256,844,1014,406,1532,1938,2222,480,118,968,942,5928,0.42,0.37,0.83
1630164,4,54,2186,494,918,26,80,160,248,146,448,594,80,28,86,148,320,1174,0.57,0.41,0.66
1630165,6,180,7274,880,2330,246,850,218,280,120,710,830,1400,340,122,588,774,2224,0.37,0.29,0.79
1630166,6,140,9094,1074,2514,358,1156,430,586,256,1738,1994,710,270,170,384,958,2936,0.43,0.31,0.71
1630167,6,20,5010,906,1818,254,768,264,346,226,838,1064,280,112,108,200,392,2330,0.49,0.33,0.77
1630168,6,54,5718,912,1388,2,16,388,544,632,1034,1666,246,174,318,252,840,2214,0.66,0.07,0.7
1630169,10,432,17082,2914,6154,1134,2780,956,1122,376,1544,1920,3990,840,284,1200,738,7918,0.48,0.41,0.85
1630170,6,126,7800,1310,3060,542,1466,390,474,148,1042,1190,592,308,142,250,546,3552,0.43,0.37,0.82
1630171,3,152,5256,558,1229,154,482,287,387,177,370,547,304,159,69,178,460,1557,0.46,0.32,0.74
1630172,6,262,7868,1014,2124,290,706,358,462,264,984,1248,362,222,198,366,522,2676,0.49,0.44,0.78
1630173,6,76,6264,1010,2144,142,438,390,656,568,1180,1748,284,152,180,326,610,2552,0.49,0.2,0.6
1630174,6,78,4744,614,1470,284,840,236,280,162,622,784,202,146,70,198,632,1748,0.42,0.33,0.82
1630175,6,204,8488,1452,3608,460,1364,842,984,184,1284,1468,1414,198,110,664,724,4206,0.41,0.34,0.86
1630176,10,12,454,66,136,2,14,46,78,50,68,118,8,14,18,26,50,180,0.46,0.03,0.67
1630178,6,208,9312,1830,3880,482,1220,760,896,98,772,870,1126,216,100,356,600,4902,0.47,0.37,0.85
1630180,6,330,12120,1936,4824,970,2708,1014,1206,412,1566,1978,816,346,80,418,640,5856,0.4,0.36,0.84
1630181,10,32,7078,994,2394,272,820,432,636,180,1002,1182,732,200,74,428,490,2692,0.42,0.32,0.71
1630182,6,22,4512,538,1048,130,366,182,268,224,418,642,312,184,38,182,478,1388,0.5,0.31,0.66
1630183,3,110,4920,651,1371,215,616,147,201,196,529,725,252,138,168,198,578,1664,0.47,0.35,0.71
1630184,6,0,2672,414,1040,112,378,122,142,44,206,250,358,102,24,130,234,1062,0.43,0.28,0.89
1630188,10,90,5808,1084,2226,250,814,472,618,586,1260,1846,200,96,248,294,630,2890,0.48,0.29,0.75
1630191,6,250,8974,1290,2558,182,558,466,646,978,1856,2834,398,160,386,422,1022,3228,0.5,0.33,0.72
1630192,6,14,3310,458,874,146,364,176,264,252,374,626,76,78,70,96,368,1238,0.52,0.38,0.7
1630193,6,30,9036,1492,3688,688,1910,890,1018,182,1020,1202,1146,258,42,436,784,4562,0.41,0.36,0.87
1630194,6,4,1692,298,534,4,36,50,84,252,308,560,84,136,100,90,318,650,0.56,0.08,0.56
1630195,4,4,612,40,146,10,44,22,26,38,58,96,56,18,2,40,68,112,0.24,0.14,0.42
1630197,6,130,6000,864,2214,306,1010,174,250,296,1078,1374,580,158,242,468,406,2208,0.4,0.31,0.69
1630198,6,8,3320,448,1110,344,878,168,200,54,314,368,202,108,26,96,288,1408,0.39,0.38,0.84
1630200,6,126,5834,914,1996,96,374,400,472,154,558,712,1188,234,30,296,332,2324,0.47,0.35,0.85
1630201,6,40,3964,528,1406,242,718,146,194,66,406,472,522,144,28,144,326,1444,0.38,0.34,0.73
1630202,6,16,5472,824,1920,474,1192,138,156,172,528,700,598,148,32,242,384,2260,0.42,0.38,0.85
1630205,6,62,4448,598,1268,80,296,230,324,188,572,760,180,124,90,166,420,1506,0.47,0.25,0.71
1630206,4,2,410,64,164,16,60,24,30,8,52,60,18,16,6,28,28,168,0.39,0.25,0.85
1630207,4,0,190,30,86,8,38,14,20,2,16,18,16,14,4,12,16,82,0.18,0.11,0.35
1630208,6,10,2252,380,602,0,2,234,328,284,368,652,72,36,114,122,302,994,0.58,0.0,0.69
1630209,2,24,1412,260,494,2,22,76,122,170,418,588,98,34,40,82,168,598,0.53,0.09,0.62
1630214,6,36,4460,664,1254,70,248,202,328,400,684,1084,338,236,120,188,426,1600,0.54,0.28,0.6
1630215,2,2,720,122,302,56,176,22,32,10,80,90,126,34,16,66,94,322,0.4,0.32,0.69
1630217,6,246,9424,1934,4180,876,2018,568,640,190,1186,1376,894,314,108,474,792,5312,0.46,0.43,0.87
1630219,4,10,978,152,324,44,130,60,68,30,90,120,94,42,4,38,48,408,0.47,0.34,0.88
1630223,2,4,344,72,144,34,72,14,18,6,30,36,34,16,0,28,30,192,0.5,0.47,0.78
1630224,4,232,7640,1522,3644,558,1658,820,1040,122,732,854,712,158,60,554,370,4422,0.42,0.34,0.79
1630225,4,0,174,16,60,8,38,4,12,6,18,24,8,8,4,8,8,44,0.26,0.12,0.17
1630227,4,10,1766,150,418,70,236,76,122,38,166,204,286,80,12,166,118,446,0.37,0.29,0.62
1630228,4,38,3954,744,1458,154,462,364,542,188,540,728,270,98,82,262,490,2006,0.51,0.33,0.66
1630230,6,64,5334,722,1758,200,692,448,582,178,766,944,552,194,58,296,406,2092,0.41,0.29,0.76
1630231,6,60,8172,1362,2540,284,816,430,660,460,1198,1658,458,172,198,312,590,3438,0.53,0.35,0.66
1630233,6,4,1532,238,502,34,128,234,312,154,248,402,78,48,44,94,192,744,0.49,0.29,0.75
1630235,6,18,2614,264,552,20,110,118,140,78,266,344,364,90,24,158,162,666,0.47,0.13,0.82
1630237,6,12,2468,310,672,160,430,90,114,120,296,416,190,56,32,122,262,870,0.3,0.24,0.54
1630238,8,0,274,34,82,22,44,0,0,8,66,74,20,0,0,8,22,90,0.39,0.5,0.0
1630241,4,4,582,80,192,56,140,12,16,14,60,74,50,16,2,24,40,228,0.39,0.38,0.75
1630245,4,164,6990,948,1828,228,636,200,276,122,610,732,778,192,94,350,618,2324,0.52,0.35,0.73
1630249,4,16,1614,156,388,74,232,40,48,40,188,228,136,44,18,64,152,426,0.39,0.3,0.68
1630250,4,0,76,8,32,2,12,16,22,10,10,20,0,2,2,4,12,34,0.13,0.1,0.36
1630253,2,0,316,26,66,10,44,16,16,12,26,38,8,4,6,8,16,78,0.39,0.23,1.0
1630256,6,274,8810,1442,2902,258,834,498,710,580,1126,1706,886,334,158,524,1118,3640,0.48,0.31,0.7
1630264,6,16,2070,270,482,46,134,150,184,136,238,374,110,40,40,62,260,736,0.56,0.32,0.82
1630268,2,0,52,4,14,4,14,6,6,2,0,2,2,0,2,2,2,18,0.29,0.29,1.0
1630270,6,0,156,8,40,4,32,0,0,8,16,24,4,0,0,0,8,20,0.15,0.1,0.0
1630271,8,4,1716,172,468,68,254,130,194,36,196,232,142,62,42,100,174,542,0.36,0.24,0.66
1630284,2,0,672,64,154,22,56,44,54,46,60,106,24,26,6,32,72,194,0.42,0.39,0.82
1630288,10,0,618,56,154,6,44,14,14,42,56,98,64,24,6,24,30,132,0.31,0.1,0.6
1630296,8,0,806,134,290,24,84,32,56,52,150,202,44,40,44,44,104,324,0.6,0.15,0.52
1630322,4,2,1358,194,484,152,416,18,24,26,182,208,78,50,28,32,100,558,0.4,0.37,0.76
1630346,8,0,1060,134,382,110,294,32,36,16,76,92,40,22,4,24,92,410,0.32,0.34,0.67
1630526,4,108,3270,438,996,174,482,124,164,252,554,806,148,96,52,110,248,1174,0.45,0.37,0.76
1630527,4,0,1956,334,866,90,278,170,212,48,228,276,140,68,26,84,124,928,0.39,0.35,0.79
1630528,4,6,3328,574,1272,128,452,212,288,124,326,450,358,152,42,288,238,1488,0.46,0.26,0.74
1630529,4,214,6836,808,1750,174,550,440,546,298,580,878,494,388,170,304,732,2230,0.46,0.31,0.8
1630530,4,84,4708,666,1482,360,928,270,296,174,496,670,208,152,66,108,326,1962,0.44,0.39,0.9
1630531,4,0,64,16,26,0,0,6,8,10,8,18,2,4,8,4,14,38,0.79,0.0,0.38
1630532,4,263,8341,1659,3480,368,1019,756,892,269,871,1140,825,231,88,461,563,4442,0.48,0.36,0.85
1630533,4,68,3638,514,1160,192,644,112,144,72,320,392,174,94,34,138,326,1332,0.44,0.28,0.77
1630534,2,0,826,98,198,46,116,20,32,38,64,102,28,8,8,18,82,262,0.5,0.4,0.62
1630535,4,12,1458,184,432,40,134,98,154,80,226,306,72,60,58,84,206,506,0.42,0.24,0.55
1630536,2,0,78,6,28,2,12,0,0,0,10,10,10,0,0,10,2,14,0.21,0.17,0.0
1630537,4,98,4294,700,1704,260,754,280,342,102,504,606,326,140,36,234,284,1940,0.39,0.33,0.83
1630538,4,10,4260,806,2010,444,1198,356,414,48,500,548,632,138,66,306,438,2412,0.4,0.37,0.86
1630539,4,0,600,80,146,8,26,22,40,46,80,126,18,12,26,30,76,190,0.58,0.39,0.52
1630540,4,8,1838,168,518,88,328,48,72,28,128,156,184,80,6,48,170,472,0.32,0.27,0.67
1630541,4,28,2400,300,682,152,420,108,146,72,226,298,120,40,30,80,156,860,0.44,0.36,0.74
1630543,4,40,2320,444,792,12,50,240,352,236,380,616,90,84,224,154,362,1140,0.56,0.21,0.68
1630544,4,60,4490,754,1920,318,944,178,234,88,478,566,332,158,42,232,358,2004,0.39,0.33,0.74
1630547,4,0,1316,178,526,66,226,84,106,54,152,206,108,40,10,68,116,506,0.34,0.3,0.78
1630549,4,18,1310,254,456,12,24,78,128,246,266,512,72,30,60,104,220,598,0.55,0.54,0.62
1630550,4,0,1426,130,328,42,168,58,86,64,166,230,72,36,42,58,120,360,0.41,0.25,0.67
1630551,4,0,584,68,140,20,56,18,18,76,76,152,24,16,8,16,66,174,0.73,0.18,0.5
1630552,4,12,1702,244,502,50,178,88,130,70,364,434,98,54,48,64,168,626,0.51,0.26,0.69
1630553,8,48,3312,466,1312,174,508,182,238,110,282,392,352,136,56,238,330,1288,0.35,0.33,0.73
1630554,2,0,236,34,80,10,36,0,4,4,40,44,54,4,0,18,14,78,0.42,0.28,0.0
1630556,4,48,2122,232,578,100,294,34,42,100,272,372,66,64,50,92,176,598,0.34,0.27,0.67
1630557,4,130,6028,766,1644,392,1032,206,238,144,518,662,288,124,54,166,306,2130,0.47,0.39,0.87
1630558,4,46,5964,934,2194,280,874,142,210,86,388,474,834,160,70,314,424,2290,0.44,0.32,0.7
1630559,4,62,4914,540,1144,196,584,388,448,136,472,608,380,98,68,178,294,1664,0.47,0.34,0.87
1630560,4,4,3370,642,1450,138,458,306,376,42,380,422,252,92,24,170,194,1728,0.45,0.34,0.81
1630561,4,14,934,116,302,18,86,42,58,72,92,164,58,38,16,44,118,292,0.4,0.12,0.66
1630563,4,32,2116,220,592,90,298,102,136,68,184,252,198,42,50,136,174,632,0.36,0.28,0.76
1630567,4,248,8804,1540,3222,208,694,578,768,640,1208,1848,1010,264,198,476,600,3866,0.48,0.3,0.76
1630568,4,10,1094,208,444,50,152,122,182,158,122,280,58,22,14,48,168,588,0.48,0.33,0.7
1630570,4,24,2904,432,788,44,134,222,292,158,480,638,276,78,68,154,356,1130,0.56,0.34,0.76
1630572,4,6,1156,146,322,56,154,50,68,94,158,252,72,22,24,42,84,398,0.42,0.33,0.7
1630573,4,0,1770,242,552,186,468,20,30,50,250,300,90,30,26,36,128,690,0.45,0.41,0.33
1630577,2,0,14,0,4,0,2,0,0,0,0,0,0,2,0,0,0,0,0.0,0.0,0.0
1630578,4,116,5662,1080,2066,78,298,620,858,586,1044,1630,710,200,236,526,756,2858,0.52,0.28,0.72
1630579,4,30,2348,218,282,0,0,40,78,274,440,714,82,44,96,78,278,476,0.76,0.0,0.61
1630580,4,0,444,46,122,34,94,14,26,8,20,28,20,8,6,6,28,140,0.48,0.54,0.27
1630581,4,202,6308,1222,2694,206,716,224,302,384,1208,1592,1240,174,86,630,376,2874,0.45,0.29,0.74
1630583,4,34,2872,432,938,142,442,174,250,168,464,632,158,78,86,100,266,1180,0.44,0.25,0.67
1630585,2,0,256,10,42,2,8,4,10,18,28,46,14,10,6,4,32,26,0.24,0.25,0.4
1630586,4,6,1784,158,316,36,96,48,86,206,400,606,126,82,68,78,216,400,0.48,0.36,0.62
1630587,4,28,2068,198,474,136,356,66,82,64,196,260,82,52,50,72,196,598,0.43,0.39,0.82
1630590,2,0,64,8,24,2,6,10,18,4,4,8,4,4,2,4,6,28,0.33,0.33,0.56
1630591,4,116,3924,584,1550,148,608,344,460,100,402,502,634,194,62,398,424,1660,0.39,0.26,0.73
1630593,4,0,336,28,68,4,18,12,20,8,30,38,56,14,6,24,34,72,0.53,0.32,0.3
1630595,4,152,4976,1044,2510,262,848,356,422,140,716,856,856,176,100,546,468,2706,0.42,0.3,0.84
1630596,4,242,8220,1498,2844,70,308,594,880,536,1536,2072,632,186,372,484,588,3660,0.53,0.22,0.68
1630598,4,90,3930,510,1074,140,422,192,254,188,436,624,254,98,34,178,316,1352,0.48,0.34,0.77
1630600,2,0,52,8,16,2,4,0,0,2,20,22,0,2,0,0,4,18,0.5,0.5,0.0
1630606,6,4,800,76,240,32,108,20,24,20,76,96,64,24,12,44,48,204,0.35,0.32,0.56
1630612,2,0,126,12,36,0,4,6,8,6,8,14,24,2,0,6,4,30,0.33,0.0,0.75
1630613,4,20,2724,534,1366,242,652,124,170,12,226,238,296,64,14,182,178,1434,0.39,0.37,0.71
1630624,2,0,16,0,4,0,0,0,0,2,0,2,2,2,0,2,2,0,0.0,0.0,0.0
1630625,4,6,1858,254,614,52,190,80,122,94,220,314,254,80,44,134,190,640,0.42,0.28,0.71
1630631,4,20,3988,622,1464,216,666,202,266,96,366,462,636,262,32,226,364,1662,0.43,0.32,0.75
1630637,8,0,94,6,38,0,4,8,8,4,8,12,20,4,0,12,0,20,0.4,0.0,0.5
1630639,3,0,76,16,32,8,20,2,6,2,14,16,2,0,0,0,8,42,0.66,0.27,0.22
1630643,2,0,40,0,6,0,4,0,0,2,6,8,2,2,2,2,2,0,0.0,0.0,0.0
1630647,4,4,530,86,180,18,62,30,50,42,64,106,26,26,0,28,88,220,0.44,0.39,0.56
1630648,4,0,72,4,26,4,14,4,4,4,12,16,2,4,0,2,2,16,0.3,0.58,0.5
1630678,4,18,1874,328,568,32,112,82,116,234,188,422,100,34,26,64,168,770,0.53,0.27,0.71
1630688,4,2,1842,186,480,106,314,30,46,120,148,268,104,100,32,62,246,508,0.39,0.33,0.66
1630691,2,0,352,36,100,26,78,2,4,12,52,64,14,0,14,10,24,100,0.36,0.33,0.5
1630692,4,8,1392,190,414,52,130,64,84,68,188,256,196,78,38,68,128,496,0.23,0.2,0.38
1630696,2,2,134,10,28,2,12,0,0,2,16,18,10,8,6,2,20,22,0.36,0.17,0.0
1630699,2,18,1012,146,366,70,214,36,50,64,98,162,46,30,4,66,106,398,0.4,0.33,0.72
1630700,2,22,1556,138,310,40,120,36,58,56,220,276,192,68,20,86,150,352,0.44,0.33,0.62
1630701,2,0,2,0,0,0,0,0,0,0,0,0,0,0,0,0,0,0,0.0,0.0,0.0
1630702,2,0,504,98,248,26,104,58,68,2,56,58,28,12,6,30,66,280,0.4,0.25,0.85
1630792,8,0,852,96,208,52,144,44,56,44,98,142,32,28,12,12,96,288,0.38,0.32,0.62
1630846,2,4,842,116,202,26,58,48,58,68,118,186,38,12,30,44,104,306,0.57,0.45,0.83
1631093,2,98,3006,522,1242,138,414,342,476,98,302,400,456,96,26,286,308,1524,0.42,0.33,0.72
1631094,2,94,3172,616,1466,120,404,558,736,102,516,618,346,96,44,260,216,1910,0.42,0.3,0.76
1631095,2,100,2960,418,1074,162,530,184,236,118,576,694,108,52,96,146,302,1182,0.39,0.31,0.78
1631097,2,12,3066,592,1388,156,482,558,678,118,334,452,150,64,10,202,220,1898,0.43,0.32,0.82
1631098,2,0,100,8,26,0,6,6,6,2,12,14,4,0,2,2,24,22,0.31,0.0,1.0
1631099,2,94,2900,416,944,240,584,96,122,110,336,446,96,70,52,88,202,1168,0.44,0.41,0.79
1631100,2,22,2078,378,776,162,396,48,52,46,162,208,108,76,12,64,122,966,0.49,0.41,0.92
1631101,2,10,2058,320,676,96,278,56,88,76,176,252,52,34,22,70,174,792,0.47,0.34,0.64
1631102,2,0,456,64,170,14,80,8,16,2,42,44,48,16,2,18,46,150,0.38,0.18,0.5
1631103,2,12,1592,246,558,76,258,56,70,20,116,136,144,38,8,78,110,624,0.44,0.3,0.8
1631104,2,0,188,30,64,8,18,8,16,4,12,16,18,2,2,20,32,76,0.47,0.44,0.5
1631105,2,42,2280,322,490,0,2,120,194,304,484,788,96,60,78,114,244,764,0.66,0.0,0.62
1631106,2,6,2052,358,814,76,212,132,168,248,358,606,100,116,62,112,228,924,0.44,0.36,0.79
1631107,2,16,408,56,138,16,70,36,38,18,44,62,20,14,4,20,38,164,0.41,0.23,0.95
1631108,2,4,958,86,200,52,122,24,28,14,130,144,34,14,12,22,62,248,0.43,0.43,0.86
1631109,2,0,648,129,203,0,0,70,94,72,168,240,12,35,44,36,90,328,0.64,0.0,0.74
1631110,2,84,2322,362,792,52,194,114,168,150,286,436,224,68,38,154,234,890,0.46,0.27,0.68
1631111,2,4,222,26,62,4,26,8,10,4,24,28,20,10,8,14,24,64,0.42,0.15,0.8
1631112,2,0,80,8,14,0,2,2,4,4,8,12,6,8,0,4,18,18,0.57,0.0,0.5
1631113,2,0,440,52,132,4,28,10,22,12,48,60,92,20,10,32,26,118,0.39,0.14,0.46
1631114,2,70,2760,456,904,80,256,138,182,78,306,384,276,102,52,150,246,1130,0.5,0.31,0.76
1631115,2,2,690,82,156,0,10,40,54,74,128,202,38,24,22,26,88,204,0.53,0.0,0.74
1631116,2,0,254,54,124,44,98,8,12,0,42,42,6,12,2,14,14,160,0.44,0.45,0.67
1631117,2,34,2070,344,480,0,0,104,196,288,464,752,78,38,208,78,236,792,0.72,0.0,0.53
1631119,2,16,566,74,160,24,52,16,30,34,132,166,50,12,6,30,76,188,0.46,0.46,0.53
1631120,2,0,24,2,10,0,4,0,0,0,4,4,2,2,0,2,0,4,0.2,0.0,0.0
1631121,2,2,608,54,148,18,52,34,40,16,56,72,42,8,8,18,34,160,0.36,0.35,0.85
1631128,2,4,1366,148,320,38,108,32,54,64,148,212,62,36,20,40,110,366,0.46,0.35,0.59
1631132,2,38,1306,120,246,2,18,70,106,140,150,290,44,26,94,36,220,312,0.49,0.11,0.66
1631133,2,0,562,52,134,6,34,28,42,58,82,140,32,6,10,22,68,138,0.39,0.18,0.67
1631157,2,0,124,14,40,6,18,12,12,6,18,24,12,2,2,32,20,46,0.35,0.33,1.0
1631160,2,0,166,18,56,6,30,14,18,6,18,24,22,2,0,14,12,56,0.32,0.2,0.78
1631165,2,0,22,2,4,2,4,0,0,0,4,4,2,0,0,0,4,6,0.5,0.5,0.0
1631169,2,0,32,6,10,0,2,8,8,4,6,10,4,2,4,0,4,20,0.6,0.0,1.0
1631172,2,0,568,64,154,26,90,4,10,16,82,98,52,10,12,24,44,158,0.42,0.29,0.4
1631197,2,0,24,2,6,0,2,0,0,0,2,2,0,0,0,0,6,4,0.33,0.0,0.0
1631199,2,0,18,6,10,4,6,0,0,2,2,4,0,0,0,0,0,16,0.6,0.67,0.0
1631205,2,0,2,0,0,0,0,0,0,0,0,0,0,0,0,0,0,0,0.0,0.0,0.0
1631207,2,0,120,12,32,2,8,6,8,2,12,14,14,2,4,8,10,32,0.38,0.25,0.75
1631211,2,0,2,0,2,0,2,0,0,0,2,2,0,0,0,0,0,0,0.0,0.0,0.0
1631212,2,0,38,8,22,0,2,0,0,4,2,6,0,0,0,2,2,16,0.36,0.0,0.0
1631213,2,0,88,12,32,2,10,4,4,4,8,12,0,2,0,2,4,30,0.38,0.2,1.0
1631214,2,0,10,0,0,0,0,0,0,0,2,2,0,0,0,4,2,0,0.0,0.0,0.0
1631216,2,4,1004,83,214,58,156,22,26,43,97,140,36,10,6,22,88,246,0.39,0.37,0.85
1631217,2,2,324,40,78,2,4,20,32,56,32,88,6,10,10,16,26,102,0.51,0.5,0.62
1631220,2,0,16,4,8,0,0,0,0,2,0,2,0,0,0,0,2,8,0.5,0.0,0.0
1631222,2,0,760,68,172,42,124,14,18,32,86,118,42,24,8,36,94,192,0.4,0.34,0.78
1631223,2,2,1578,214,520,74,262,58,94,58,182,240,58,42,24,82,134,560,0.41,0.28,0.62
1631230,2,0,66,10,20,0,8,8,8,4,8,12,8,2,0,2,12,28,0.5,0.0,1.0
1631246,2,0,98,6,26,2,18,0,0,4,10,14,6,8,2,2,12,14,0.23,0.11,0.0
1631254,2,0,58,14,34,0,6,6,10,2,6,8,8,0,0,4,8,34,0.41,0.0,0.6
1631260,2,0,438,74,168,56,140,8,8,8,44,52,22,10,0,14,46,212,0.44,0.4,1.0
1631288,2,0,362,50,96,4,22,24,32,24,52,76,16,16,0,8,30,128,0.52,0.18,0.75
1631298,2,0,68,6,18,2,6,0,0,6,8,14,0,2,4,2,10,14,0.33,0.33,0.0
1631306,2,0,74,6,18,6,16,0,0,2,12,14,8,0,0,0,6,18,0.33,0.38,0.0
1631309,2,0,20,2,2,2,2,6,6,0,0,0,6,0,0,0,0,12,1.0,1.0,1.0
1631320,2,0,16,2,4,0,0,0,4,4,0,4,2,0,0,4,4,4,0.5,0.0,0.0
1631323,2,0,422,60,158,42,114,18,28,22,34,56,16,6,10,28,44,180,0.38,0.37,0.64
