PLAYER_ID,GP,GS,MIN,FGM,FGA,FG3M,FG3A,FTM,FTA,OREB,DREB,REB,AST,STL,BLK,TOV,PF,PTS,SEASONS,FG_PCT,FG3_PCT,FT_PCT
2544,1409,1408,53707,14040,27809,2233,6488,8039,10939,1652,8924,10576,10351,2176,1065,4922,2585,38352,20,0.51,0.34,0.73
2617,878,501,21699,2660,5445,6,64,1236,1636,1615,4173,5788,733,424,251,809,2066,6562,20,0.46,0.05,0.69
2738,1226,784,39438,5024,10859,1081,3271,2829,3991,1116,4921,6037,5133,1762,631,2236,2174,13958,19,0.47,0.34,0.63
101108,1189,1189,40977,7559,16004,1602,4336,4684,5382,727,4627,5354,11271,2499,186,2843,2880,21404,18,0.47,0.37,0.87
200752,1015,692,31274,5976,13245,1086,3116,2730,3441,1311,4409,5720,1995,1103,738,1971,2285,15768,17,0.44,0.34,0.8
200768,1018,810,33007,4907,11576,2044,5550,3416,4191,829,3725,4554,6523,1351,307,2427,2842,15274,17,0.42,0.35,0.82
200782,749,612,21783,1903,4474,780,2134,651,871,1128,3058,4186,1101,817,236,737,1856,5237,12,0.43,0.33,0.74
201142,978,975,35912,9126,18311,1841,4800,6591,7439,673,6235,6908,4239,1053,1095,3100,1893,26684,15,0.5,0.38,0.89
201143,992,982,31888,5571,10853,694,1894,1540,2029,1985,6045,8030,3255,784,1166,1463,2202,13376,16,0.51,0.35,0.76
201144,1000,963,31863,5191,11849,1565,4108,2725,3326,473,2505,2978,5726,1407,207,1972,1985,14672,16,0.43,0.37,0.81
201145,955,556,27037,4226,9399,945,2763,2288,2846,824,3197,4021,1450,633,482,1340,2017,11685,15,0.45,0.33,0.8
201152,1053,672,30369,5705,11273,483,1470,1307,1966,2126,4000,6126,1886,1465,425,1519,2265,13200,16,0.51,0.28,0.65
201565,682,504,21345,4787,10497,569,1798,2082,2507,536,1714,2250,3666,525,236,1687,852,12225,14,0.44,0.3,0.86
201566,1072,1007,36888,8616,19715,1201,3952,5665,7270,1749,6109,7858,8994,1750,335,4366,2806,24098,15,0.44,0.3,0.77
201567,853,662,25911,4821,10971,1536,4130,3474,4187,2118,6828,8946,1995,535,349,1594,1691,14652,15,0.43,0.35,0.83
201568,714,551,21347,3400,7945,1406,3678,2915,3312,490,2944,3434,1392,524,253,860,1278,11121,13,0.43,0.38,0.89
201569,794,615,25614,4371,10203,1827,4949,2284,2818,310,1597,1907,2245,668,273,1546,1463,12853,15,0.43,0.36,0.81
201572,920,880,27766,5724,11586,746,2169,2786,3503,1873,3862,5735,1308,528,1659,1553,2435,14980,15,0.49,0.18,0.79
201577,965,604,20799,3462,6445,54,181,1295,1745,2140,2503,4643,808,217,1038,1055,1841,8273,15,0.54,0.16,0.72
201580,831,338,13809,2756,4785,13,70,927,1516,1535,2766,4301,360,321,1197,835,1811,6452,15,0.57,0.15,0.64
201586,828,631,22878,4138,8021,507,1433,1167,1549,1754,4227,5981,653,332,1642,1088,2285,9950,14,0.51,0.34,0.75
201587,968,817,29194,3724,8528,1548,4249,1479,1776,961,3969,4930,3292,906,617,1579,1693,10475,15,0.44,0.36,0.82
201588,841,480,23073,3209,7013,1011,2639,1645,2042,496,2064,2560,2657,748,220,1034,1659,9074,15,0.46,0.38,0.81
201599,1012,780,26654,3686,5464,2,13,1711,3601,3040,7259,10299,962,544,1521,1368,2542,9085,15,0.68,0.08,0.49
201609,892,498,24152,4381,9538,1106,3034,2101,2750,598,2062,2660,4172,831,158,1959,2002,11969,15,0.45,0.36,0.77
201933,719,675,23531,5293,10731,493,1520,3088,4442,1428,4474,5902,2954,600,340,1687,1950,14167,13,0.47,0.29,0.71
201935,897,684,30945,6572,14850,2496,6863,6706,7804,690,4168,4858,5939,1388,472,3308,2340,22346,14,0.44,0.36,0.86
201937,675,601,20287,2426,6243,628,1921,1975,2345,421,2365,2786,5078,1208,89,1744,1702,7455,12,0.38,0.32,0.82
201939,864,858,29675,7247,15271,3302,7723,3387,3726,575,3504,4079,5632,1404,202,2720,2063,21183,14,0.47,0.42,0.91
201942,1006,994,34570,7590,16244,435,1500,5530,6582,730,3736,4466,3976,985,306,2093,2295,21145,14,0.47,0.27,0.84
201949,705,217,14211,2134,4497,360,1176,766,1126,557,1931,2488,1465,524,600,963,1598,5394,14,0.46,0.28,0.66
201950,881,800,29197,5662,12302,1265,3475,1799,2305,815,2765,3580,5672,1323,447,2408,1953,14388,14,0.46,0.37,0.79
201959,906,433,21813,3308,6377,46,185,1334,1873,2024,3413,5437,893,501,920,980,2281,7996,14,0.53,0.14,0.71
201976,570,482,15599,1722,4170,885,2358,606,799,616,1766,2382,1952,642,296,706,1753,4935,11,0.41,0.38,0.77
201980,820,709,20752,2525,6000,1562,3912,534,664,499,2316,2815,1271,847,631,816,1439,7146,14,0.41,0.38,0.67
201988,852,106,17442,2757,6463,1487,3818,718,839,253,1168,1421,1937,545,74,816,1096,7719,14,0.43,0.4,0.84
202066,644,238,13234,1402,3517,622,1807,485,656,267,1195,1462,1119,526,206,573,1161,3911,13,0.39,0.34,0.71
202083,932,754,27861,3765,8969,1810,4804,1694,2056,481,2180,2661,1805,905,188,1059,1931,11034,14,0.41,0.37,0.82
202322,647,604,22588,4373,10171,651,2021,2691,3468,361,2343,2704,5735,1045,439,2412,1394,12088,11,0.43,0.3,0.76
202324,734,480,18109,3279,6131,38,192,1405,2109,1807,3504,5311,830,559,898,939,1793,8001,12,0.54,0.1,0.65
202330,762,599,23696,4103,9055,1052,2850,2577,3124,581,2845,3426,2675,748,303,1487,1314,11835,13,0.46,0.34,0.76
202331,776,728,26079,5429,12422,1968,5142,3112,3665,671,4304,4975,2846,1327,339,2120,2060,15938,13,0.43,0.38,0.84
202397,665,163,13400,2187,5086,279,866,486,718,241,1418,1659,2587,472,174,840,877,5139,13,0.41,0.27,0.62
202681,651,651,22283,5582,11853,1501,3835,2508,2842,513,2030,2543,3715,857,274,1688,1501,15173,12,0.47,0.39,0.89
202685,749,720,19469,4014,7154,186,522,1892,2401,2108,4988,7096,914,305,729,1247,2147,10106,11,0.56,0.24,0.79
202687,781,319,15328,1535,2888,0,3,910,1633,1504,3154,4658,483,201,1009,713,1701,3980,12,0.54,0.0,0.54
202689,750,697,24810,4999,11954,1670,4642,2818,3354,418,2413,2831,3938,923,282,1574,1111,14486,12,0.41,0.34,0.84
202691,688,651,22616,5064,11132,2076,5005,1295,1519,317,2101,2418,1602,603,365,1165,1453,13499,10,0.45,0.41,0.86
202692,571,98,12801,2012,4757,617,1588,1368,1737,319,1584,1903,1096,384,103,688,1089,6009,12,0.42,0.38,0.8
202693,671,338,16210,2737,6085,557,1611,1066,1363,799,2606,3405,1031,528,337,963,1777,7097,12,0.44,0.34,0.8
202694,743,479,20479,3439,7889,1226,3238,1311,1675,654,2800,3454,1158,501,220,875,1613,9415,12,0.43,0.36,0.77
202695,606,577,18990,4228,8567,911,2382,2379,2771,735,3141,3876,1791,1055,382,980,1032,11746,11,0.49,0.37,0.84
202696,793,732,24637,5772,11653,642,1835,1288,1692,1996,6315,8311,2213,685,718,1383,1938,13474,12,0.49,0.28,0.75
202699,751,631,23591,4757,9946,1039,2799,1848,2220,734,3869,4603,1756,557,394,1063,1533,12401,12,0.48,0.35,0.83
202704,736,498,18933,3570,8443,996,2900,1433,1673,381,1802,2183,3144,516,89,1391,1430,9569,12,0.42,0.33,0.85
202709,720,173,15781,1942,4397,393,1146,762,968,354,1479,1833,2195,538,161,745,1146,5039,12,0.44,0.33,0.79
202710,729,624,24185,4256,9181,578,1804,3987,4741,1152,2740,3892,3027,1209,336,1188,1048,13077,12,0.46,0.3,0.83
202711,654,537,19139,3501,7615,1362,3452,1771,2052,352,2016,2368,1079,366,47,1085,1070,10135,9,0.46,0.39,0.86
202722,421,39,7739,1072,2527,791,1990,371,432,134,943,1077,404,175,150,231,700,3306,7,0.42,0.39,0.85
203076,634,627,21811,5678,10961,305,1010,3543,4452,1617,4906,6523,1491,862,1474,1240,1499,15204,11,0.52,0.24,0.79
203078,676,642,23435,5442,11866,1484,3988,2557,3109,587,2162,2749,2858,752,270,1644,1491,14925,11,0.46,0.37,0.81
203081,752,752,27319,6108,13918,2312,6207,4249,4752,449,2693,3142,5024,716,234,2121,1449,18777,11,0.44,0.37,0.89
203082,688,163,16822,2754,6599,1249,3440,803,960,240,1684,1924,852,543,216,659,1125,7560,11,0.42,0.36,0.81
203083,675,585,19921,3927,7209,11,92,1443,3088,3078,5840,8918,852,890,981,1261,2107,9308,11,0.56,0.12,0.49
203084,798,737,25437,4039,8877,1093,2878,2179,2703,811,3250,4061,1461,564,148,993,1252,11350,11,0.46,0.38,0.8
203085,698,184,16750,2207,5263,785,2243,777,1187,221,1215,1436,1506,492,111,731,1471,5976,11,0.42,0.35,0.67
203095,640,478,18077,3189,7206,1246,3292,1227,1535,267,1473,1740,1615,556,92,1005,1536,8851,11,0.44,0.38,0.79
203109,606,344,15114,1967,4645,972,2722,845,1085,386,2112,2498,934,609,211,515,1263,5751,10,0.43,0.36,0.78
203110,732,582,21004,2330,5237,601,1902,1081,1521,785,4317,5102,4057,997,748,1633,2063,6342,11,0.44,0.3,0.72
203114,665,583,20985,4095,8953,1237,3172,1889,2143,407,2805,3212,2516,804,125,1392,1695,11316,11,0.45,0.38,0.88
203115,661,284,16873,2788,6466,876,2467,1080,1371,465,2294,2759,1800,492,269,942,1032,7532,11,0.42,0.33,0.79
203145,609,295,12327,1731,4214,633,1785,760,1042,218,1655,1873,1051,598,293,823,1203,4855,10,0.4,0.34,0.7
203200,552,256,13409,1658,4147,933,2564,498,606,204,1401,1605,802,524,235,473,903,4747,10,0.39,0.34,0.7
203210,500,165,10488,1501,3173,407,1116,590,754,853,2026,2879,470,283,213,543,1329,3999,9,0.49,0.31,0.69
203457,441,210,9752,1297,2376,3,15,550,843,848,1826,2674,478,563,658,566,1129,3147,9,0.55,0.15,0.69
203458,535,225,9991,1540,3057,93,273,846,1230,1013,2102,3115,448,203,511,632,1370,4019,10,0.52,0.26,0.69
203468,638,541,20323,4738,10447,1506,3808,1379,1705,408,1843,2251,2326,574,252,1155,1341,12361,10,0.45,0.39,0.78
203469,494,273,10974,1586,3051,32,145,998,1365,994,1955,2949,691,320,321,522,1281,4202,9,0.53,0.27,0.73
203471,662,304,17681,3443,7927,770,2276,1634,1954,279,1658,1937,3070,546,87,1544,1354,9290,10,0.43,0.33,0.82
203473,446,193,7895,1167,2170,172,484,450,613,694,1957,2651,328,234,356,425,1118,2956,10,0.49,0.19,0.72
203476,552,192,11474,1560,3105,132,371,849,1075,952,2225,3177,734,419,498,615,1199,4101,10,0.49,0.39,0.78
203482,652,208,14586,2385,5005,793,2157,1068,1357,771,2525,3296,1385,508,310,985,1859,6631,10,0.48,0.37,0.79
203484,734,592,21569,3033,7157,1263,3448,1163,1430,448,1850,2298,1262,818,173,757,1362,8492,10,0.43,0.37,0.81
203486,661,386,14787,2200,3669,2,36,1150,2044,1423,3048,4471,1595,487,563,982,1852,5552,10,0.6,0.02,0.56
203488,426,29,6243,931,2002,394,1021,310,366,324,975,1299,349,142,202,228,586,2566,10,0.46,0.34,0.86
203490,487,312,12687,1985,4141,638,1606,525,661,568,1864,2432,725,569,212,372,863,5133,10,0.45,0.34,0.81
203493,467,253,10796,1265,2979,755,1963,254,308,173,1053,1226,568,273,67,267,676,3539,10,0.41,0.37,0.8
203496,523,420,15181,2028,4966,1143,3167,847,1046,474,2504,2978,778,810,490,783,1526,6046,10,0.42,0.37,0.72
203497,656,564,19694,3025,4619,0,14,2146,3352,2167,5476,7643,847,451,1415,1087,1712,8196,10,0.64,0.0,0.63
203500,706,641,18945,2713,4619,1,15,1091,2036,2599,3189,5788,1079,624,675,1029,1748,6518,10,0.58,0.03,0.53
203501,590,275,15848,2799,6637,1274,3563,1082,1351,188,1477,1665,1052,363,84,585,964,7954,10,0.42,0.35,0.8
203504,498,130,10401,1847,4500,564,1637,534,659,164,714,878,1522,274,52,555,641,4792,9,0.42,0.36,0.81
203506,464,372,15101,2892,6585,728,2092,1360,1720,275,1823,2098,1812,760,212,1162,1108,7872,10,0.43,0.35,0.77
203507,698,633,22764,5671,10598,482,1680,3858,5432,1219,5451,6670,3242,797,890,2052,2113,15682,10,0.53,0.28,0.71
203521,432,93,8483,795,2078,365,994,272,323,162,576,738,1522,200,19,501,792,2227,9,0.36,0.34,0.82
203526,421,98,6603,915,2000,256,702,329,407,92,551,643,880,274,33,386,548,2415,8,0.47,0.36,0.83
203552,371,160,8828,1452,3065,704,1585,375,436,112,657,769,732,264,49,382,596,3983,9,0.4,0.46,0.68
203585,305,122,5847,640,1526,275,779,152,230,243,595,838,367,150,49,186,435,1707,7,0.44,0.37,0.66
203648,149,11,1251,168,334,9,58,64,118,113,159,272,87,47,27,88,172,409,5,0.5,0.08,0.41
203897,526,439,16939,3780,8199,1169,3037,1872,2253,248,1858,2106,2063,474,154,1395,1147,10601,9,0.45,0.38,0.83
203903,596,195,16614,3622,8232,1112,3310,1197,1454,526,1527,2053,1633,508,88,1080,1039,9553,9,0.44,0.34,0.82
203914,475,375,13522,2065,4592,730,1974,719,880,283,886,1169,963,550,102,562,857,5579,9,0.43,0.36,0.82
203915,440,237,12015,1946,4657,691,2057,1399,1761,197,1133,1330,2212,299,120,758,1023,5982,9,0.4,0.3,0.81
203920,234,70,3873,443,823,10,49,251,365,427,571,998,221,104,126,130,393,1147,6,0.55,0.13,0.7
203924,604,321,16226,2539,5559,697,1941,1601,2183,534,1872,2406,869,391,651,703,1377,7376,9,0.45,0.35,0.72
203925,459,280,11699,1814,3778,959,2205,372,480,254,1212,1466,751,228,93,507,964,4959,9,0.44,0.41,0.66
203926,497,92,10369,1802,3774,733,1775,435,528,199,959,1158,499,110,46,349,759,4772,9,0.47,0.41,0.81
203932,550,461,16047,2802,5975,615,1872,1201,1737,918,2594,3512,1386,407,357,836,1102,7420,9,0.47,0.33,0.69
203933,356,236,10009,2216,4375,262,737,670,859,462,979,1441,426,342,175,357,832,5364,8,0.51,0.29,0.77
203935,561,340,16815,1979,5136,869,2696,1068,1371,465,1541,2006,2612,874,208,1036,1442,5895,9,0.39,0.32,0.77
203937,549,277,11751,1452,3036,239,696,589,823,408,2020,2428,1346,561,337,545,854,3732,9,0.47,0.33,0.7
203939,555,215,10668,1567,2643,121,412,985,1316,894,1650,2544,560,355,263,390,1276,4240,9,0.59,0.24,0.75
203943,333,171,5509,604,1331,91,289,267,391,454,1220,1674,238,128,138,259,609,1566,8,0.44,0.36,0.61
203944,572,492,18086,3837,8155,592,1772,2260,3039,1146,4255,5401,2066,404,252,1578,1791,10526,9,0.46,0.27,0.66
203952,631,631,21989,4502,10030,918,2597,2153,2990,790,2020,2810,1465,635,426,1236,1393,12075,9,0.45,0.35,0.7
203954,367,367,11590,3235,6534,435,1279,2936,3600,837,3287,4124,1242,329,605,1252,1139,9841,7,0.49,0.35,0.81
203967,324,189,7867,1317,3005,442,1249,605,728,471,1385,1856,655,192,78,537,680,3681,6,0.43,0.35,0.84
203991,509,446,13638,2755,4410,0,4,798,1502,1825,3634,5459,494,354,759,561,1232,6308,9,0.61,0.0,0.5
203992,345,156,9922,1813,4138,821,2148,489,597,157,1027,1184,1165,350,82,506,728,4936,6,0.44,0.38,0.82
203994,436,356,10456,2101,4185,71,237,1057,1567,1090,2641,3731,970,386,490,918,1376,5330,9,0.49,0.15,0.67
203999,573,532,17563,4415,8030,576,1657,2099,2531,1487,4488,5975,3746,689,406,1626,1591,11505,8,0.55,0.35,0.83
204001,364,363,11344,2480,5561,657,1857,1370,1672,635,2245,2880,597,263,679,626,1116,6987,7,0.45,0.35,0.82
204038,397,62,8720,1139,2845,538,1470,369,449,192,793,985,667,264,59,241,628,3185,8,0.38,0.35,0.74
204060,611,313,15624,1850,4131,1104,2713,424,551,196,1767,1963,2282,556,93,954,1131,5228,9,0.44,0.4,0.77
204456,532,91,11685,1638,3246,127,378,283,361,291,1290,1581,2662,668,99,856,782,3686,8,0.5,0.33,0.78
1626145,507,80,9600,1291,2970,380,1062,385,472,124,792,916,1933,499,36,373,398,3347,8,0.43,0.35,0.81
1626149,505,36,10472,2490,4021,9,79,1188,1791,921,1643,2564,673,268,404,546,1056,6177,8,0.62,0.09,0.65
1626153,398,40,8026,996,2209,261,744,469,583,308,917,1225,1144,462,136,368,430,2722,8,0.45,0.35,0.81
1626156,476,412,14206,3050,7196,1186,3296,1157,1465,246,1419,1665,2691,529,140,1340,905,8443,8,0.42,0.36,0.79
1626157,503,503,17180,4283,8133,817,2078,2223,2663,1483,4154,5637,1597,405,677,1355,1715,11606,8,0.52,0.38,0.84
1626158,408,161,8213,1533,2524,46,172,598,800,715,1521,2236,408,223,406,359,1071,3710,8,0.61,0.25,0.75
1626159,344,128,8907,1121,2718,229,728,358,561,364,1396,1760,890,307,137,500,794,2829,8,0.4,0.27,0.64
1626161,363,216,8159,1392,2561,5,30,529,864,610,1567,2177,529,298,282,342,855,3318,7,0.5,0.12,0.52
1626162,474,180,12023,2090,4854,715,2173,906,1218,449,1608,2057,462,447,205,468,1206,5801,8,0.43,0.32,0.73
1626163,403,49,8101,1300,3015,426,1216,586,787,296,1267,1563,640,173,143,314,608,3612,8,0.47,0.36,0.76
1626164,506,481,17075,4209,9191,1045,2920,2540,2924,269,1730,1999,2389,424,139,1562,1486,12003,8,0.46,0.36,0.86
1626166,287,54,5347,904,2149,310,846,226,270,92,560,652,1015,201,65,359,504,2344,8,0.42,0.37,0.85
1626167,476,443,13730,2352,4752,462,1302,1104,1438,683,2557,3240,575,339,1092,648,1398,6270,8,0.5,0.34,0.76
1626168,443,123,7942,1220,2769,400,1160,455,623,358,1516,1874,456,169,153,358,611,3295,8,0.45,0.35,0.73
1626169,445,104,8800,1020,2613,339,1111,408,545,249,1136,1385,674,377,106,476,865,2787,8,0.41,0.32,0.72
1626171,472,112,10329,2149,4514,487,1295,514,680,907,2319,3226,579,261,170,501,865,5299,8,0.47,0.37,0.75
1626172,420,198,7252,884,1527,10,58,304,500,836,1368,2204,635,207,236,242,919,2082,8,0.55,0.17,0.55
1626174,256,137,6278,1385,2654,344,898,678,1002,381,1531,1912,364,150,233,391,503,3792,7,0.5,0.36,0.68
1626179,522,280,14047,2545,6098,1074,2897,855,1039,357,1705,2062,1731,485,124,678,762,7019,8,0.39,0.35,0.81
1626181,425,164,9330,1656,3595,575,1512,839,1026,157,945,1102,626,328,121,497,762,4726,8,0.46,0.38,0.82
1626184,111,7,1845,211,530,100,279,115,147,23,144,167,204,55,9,105,186,637,4,0.3,0.26,0.81
1626188,183,29,2576,468,1014,175,427,62,76,46,265,311,286,51,7,127,195,1173,5,0.47,0.43,0.8
1626192,454,56,8651,1023,2334,542,1493,202,260,316,1259,1575,566,222,122,244,524,2790,8,0.43,0.36,0.79
1626195,333,46,5017,948,1775,35,117,513,724,695,1226,1921,354,137,132,335,553,2444,7,0.54,0.27,0.7
1626196,478,310,13967,2091,4871,765,2095,779,926,341,1148,1489,1303,500,270,662,1087,5726,8,0.43,0.37,0.83
1626204,379,113,9169,1281,2385,159,464,371,537,749,1714,2463,733,458,199,395,857,3092,8,0.54,0.32,0.72
1626220,419,279,11197,980,2234,538,1397,249,317,261,1745,2006,966,335,174,431,997,2747,6,0.44,0.38,0.78
1626224,379,181,9108,1360,3169,587,1672,446,626,180,988,1168,776,268,55,423,764,3753,6,0.44,0.35,0.69
1626246,267,16,2337,574,1004,10,38,335,436,328,643,971,121,44,76,158,274,1493,8,0.58,0.14,0.75
1627732,312,307,10335,1908,3407,5,35,834,1410,559,1899,2458,2364,517,220,1013,904,4655,5,0.56,0.12,0.57
1627734,464,324,13501,2676,4933,202,626,1326,1814,1082,3341,4423,1838,347,209,1104,1437,6880,7,0.54,0.35,0.72
1627736,376,86,8012,1430,3399,792,2098,273,331,144,800,944,483,224,50,284,435,3925,7,0.42,0.37,0.81
1627737,265,145,4943,774,1676,146,498,359,539,329,923,1252,282,172,220,324,674,2053,6,0.43,0.23,0.67
1627741,410,308,12681,2596,5885,1350,3304,583,676,330,1556,1886,1149,380,131,787,901,7125,7,0.45,0.41,0.86
1627742,388,349,12715,2620,5692,525,1451,1471,1899,288,1713,2001,1511,276,222,950,941,7236,7,0.46,0.36,0.77
1627745,196,65,2758,396,609,12,42,207,298,219,418,637,142,70,136,128,407,1011,7,0.59,0.08,0.61
1627747,355,201,9938,1879,4331,498,1473,782,1068,262,1093,1355,1371,368,113,663,734,5038,7,0.43,0.34,0.73
1627749,369,298,10046,2042,4473,320,940,627,802,359,1828,2187,1846,535,101,706,667,5031,6,0.45,0.34,0.77
1627750,390,315,11849,2404,5369,781,2107,960,1102,305,1139,1444,1583,371,118,772,707,6549,6,0.45,0.37,0.87
1627751,460,208,9551,1577,2514,2,3,409,772,1178,1746,2924,735,248,574,499,1072,3565,7,0.62,0.21,0.53
1627752,372,212,8899,1373,3253,620,1676,505,621,184,1223,1407,620,306,154,579,775,3871,7,0.43,0.37,0.82
1627759,450,343,13249,2945,6194,841,2291,1180,1632,419,1909,2328,974,434,168,896,1133,7911,7,0.47,0.36,0.72
1627763,378,258,11169,2149,4623,609,1584,898,1019,305,1285,1590,1761,313,89,663,715,5805,7,0.47,0.38,0.88
1627774,243,49,3099,458,996,131,437,128,178,102,315,417,127,99,71,122,254,1175,6,0.41,0.27,0.72
1627777,354,18,5436,820,1863,526,1291,142,162,97,643,740,308,108,43,208,537,2308,7,0.41,0.31,0.84
1627780,144,39,2157,316,571,70,207,49,80,115,289,404,160,158,37,85,247,751,7,0.54,0.36,0.59
1627783,444,350,13438,2798,5749,444,1360,1342,1738,641,2232,2873,1513,404,296,827,1236,7382,7,0.49,0.29,0.75
1627788,281,49,5049,732,1808,385,1087,262,345,81,522,603,362,160,40,195,304,2111,6,0.39,0.34,0.71
1627789,299,54,4708,579,1482,289,862,294,352,117,460,577,271,117,35,216,546,1741,6,0.38,0.32,0.81
1627814,271,57,5763,789,1807,362,951,337,384,126,811,937,392,183,26,222,439,2277,6,0.44,0.37,0.87
1627823,315,67,4912,551,1298,245,724,252,367,248,805,1053,198,121,63,157,347,1599,7,0.39,0.31,0.69
1627826,381,269,7913,1304,2170,1,12,656,890,932,1810,2742,440,127,347,442,897,3265,7,0.58,0.04,0.73
1627827,434,322,12048,1316,2972,637,1769,325,451,647,1333,1980,613,354,188,373,933,3594,7,0.43,0.35,0.73
1627832,393,244,11528,1908,4727,928,2467,903,1042,167,1140,1307,1998,510,158,637,818,5647,7,0.4,0.38,0.86
1627853,228,36,3747,350,813,174,465,134,166,53,380,433,462,117,7,127,340,1008,6,0.4,0.37,0.51
1627854,389,166,7879,1226,2814,653,1599,292,358,65,588,653,480,146,10,262,551,3397,7,0.41,0.38,0.84
1627863,213,94,5000,594,1383,306,851,240,314,125,598,723,263,128,79,170,361,1734,7,0.36,0.29,0.66
1627884,321,97,6166,768,1503,150,497,375,529,398,671,1069,224,201,221,175,638,2061,7,0.5,0.29,0.71
1627885,158,23,2598,342,779,49,173,162,227,69,343,412,262,165,62,109,254,895,5,0.41,0.22,0.6
1627936,270,54,5715,570,1336,213,573,290,391,143,565,708,748,329,98,328,527,1643,6,0.43,0.38,0.74
1628021,237,50,4583,603,1231,87,272,329,489,236,630,866,246,177,106,163,447,1622,6,0.5,0.31,0.68
1628365,163,118,4155,756,1644,61,223,245,344,122,423,545,800,194,39,321,317,1818,6,0.44,0.23,0.7
1628366,252,239,8187,1117,2790,595,1633,166,287,262,1185,1447,1563,391,162,637,547,2995,5,0.4,0.36,0.59
1628367,279,92,6595,1205,2890,260,884,554,816,246,895,1141,529,246,165,527,716,3224,5,0.42,0.29,0.69
1628368,369,355,11909,2699,5766,439,1365,1451,1979,189,1149,1338,2294,480,158,1019,970,7288,6,0.47,0.32,0.74
1628369,415,415,14049,3228,7057,994,2628,1734,2041,373,2481,2854,1327,463,289,920,879,9184,6,0.46,0.38,0.85
1628370,359,38,7426,1390,3256,591,1686,470,555,127,719,846,824,195,89,488,506,3841,6,0.42,0.35,0.84
1628371,141,106,3557,486,1113,138,415,190,240,177,578,755,149,152,206,151,277,1300,4,0.45,0.36,0.67
1628372,228,137,5560,939,2339,207,690,338,513,137,535,672,988,257,71,505,475,2423,6,0.36,0.23,0.68
1628373,301,62,5185,557,1503,198,614,167,218,94,442,536,667,201,62,323,578,1479,6,0.37,0.33,0.74
1628374,331,305,10071,1939,4262,782,2084,900,1051,395,1936,2331,439,220,171,443,625,5560,6,0.46,0.38,0.85
1628378,389,381,13200,3365,7568,1119,3068,1577,1883,309,1294,1603,1755,512,115,1085,984,9426,6,0.45,0.37,0.84
1628379,330,85,7677,1166,2584,608,1422,297,340,83,847,930,640,165,48,307,481,3237,6,0.45,0.43,0.88
1628380,224,23,4054,569,1203,119,359,245,331,304,707,1011,304,75,154,274,543,1502,5,0.47,0.34,0.73
1628381,339,288,9928,2139,3865,315,886,850,1089,777,2005,2782,514,198,361,503,1063,5443,6,0.55,0.35,0.78
1628382,243,50,4320,541,1304,201,644,143,177,97,484,581,255,85,42,110,256,1426,6,0.32,0.25,0.79
1628384,346,272,9671,1472,3149,534,1440,426,580,378,1116,1494,520,424,173,432,815,3904,6,0.47,0.37,0.71
1628386,388,323,10623,1812,2886,19,103,963,1375,1078,2342,3420,546,228,521,527,789,4606,6,0.63,0.17,0.71
1628389,392,288,11388,2177,3923,8,60,1307,1744,876,2463,3339,1346,398,348,832,978,5669,6,0.55,0.12,0.75
1628391,134,6,1698,228,539,86,266,62,100,77,350,427,105,39,39,75,162,604,5,0.5,0.27,0.63
1628392,203,9,3018,452,790,24,75,181,260,358,539,897,256,110,162,179,452,1109,5,0.56,0.21,0.7
1628396,177,18,1987,344,544,5,11,92,136,277,451,728,90,42,98,101,246,785,6,0.53,0.25,0.75
1628398,393,263,12180,2424,5394,764,2263,808,1119,426,2076,2502,963,220,208,795,826,6420,6,0.45,0.34,0.72
1628401,290,200,7508,1147,2575,384,1096,621,740,143,804,947,1095,228,235,378,629,3299,6,0.45,0.39,0.82
1628404,346,168,9751,1206,2639,459,1339,520,705,348,1762,2110,814,326,113,421,806,3391,6,0.46,0.34,0.73
1628408,109,6,1904,260,637,82,256,74,110,65,255,320,189,61,34,87,167,676,6,0.46,0.29,0.44
1628410,152,40,2140,335,714,81,244,180,224,48,184,232,175,88,32,124,230,931,5,0.55,0.25,0.58
1628415,320,293,9142,1760,4221,519,1520,650,816,237,754,991,672,300,90,511,1064,4689,6,0.42,0.34,0.79
1628416,86,5,1233,180,476,83,240,61,89,27,148,175,96,24,6,47,83,504,3,0.51,0.37,0.44
1628418,210,133,4284,891,1478,114,312,329,434,324,921,1245,247,75,169,173,386,2225,6,0.57,0.33,0.73
1628420,325,150,8347,1350,2812,395,1002,323,392,115,689,804,1283,254,56,261,381,3418,6,0.51,0.33,0.85
1628427,108,4,1067,133,271,51,124,41,50,41,130,171,84,30,14,52,108,358,4,0.48,0.37,0.84
1628432,112,7,1239,131,319,65,169,31,45,26,176,202,85,44,15,43,113,358,4,0.38,0.4,0.51
1628436,180,35,2560,358,807,147,448,93,120,136,352,488,169,57,151,77,205,956,6,0.39,0.27,0.6
1628449,279,23,5108,895,1856,246,742,499,644,524,982,1506,137,145,308,145,578,2535,6,0.4,0.27,0.66
1628464,264,127,5044,759,1398,133,398,278,380,403,876,1279,323,124,234,217,722,1929,6,0.53,0.33,0.69
1628467,348,135,7953,871,1942,430,1197,272,342,409,1230,1639,366,148,323,232,723,2444,6,0.45,0.36,0.8
1628470,293,126,5761,653,1444,247,716,147,211,370,743,1113,297,143,155,182,615,1700,6,0.44,0.34,0.67
1628539,84,12,1210,169,409,118,320,27,38,13,94,107,39,18,15,29,89,483,3,0.38,0.34,0.8
1628960,241,148,5545,781,1789,450,1137,315,368,106,554,660,410,151,44,210,345,2327,5,0.43,0.39,0.85
1628962,50,6,323,55,75,0,0,16,27,32,79,111,5,4,19,19,41,126,3,0.67,0.0,0.56
1628963,173,82,4202,903,1810,95,321,358,526,416,833,1249,146,82,121,218,364,2259,5,0.5,0.27,0.72
1628964,266,81,4874,793,1661,246,684,205,299,435,1121,1556,243,100,364,220,573,2037,5,0.48,0.35,0.68
1628966,202,35,3177,441,937,91,289,179,245,156,457,613,136,103,65,109,179,1152,5,0.46,0.31,0.71
1628969,364,297,11664,1656,3320,523,1389,592,699,325,1122,1447,838,467,228,345,743,4427,5,0.5,0.38,0.84
1628971,321,203,7802,1042,2158,183,521,370,500,359,1006,1365,759,295,180,343,784,2637,5,0.48,0.34,0.74
1628972,269,67,5248,664,1548,211,620,200,258,213,824,1037,401,188,31,189,370,1739,5,0.43,0.34,0.78
1628973,327,177,8569,1696,3467,372,978,681,834,148,870,1018,1345,207,26,461,579,4445,5,0.49,0.38,0.8
1628975,230,38,3800,432,1070,254,636,83,101,89,365,454,411,167,64,149,325,1201,5,0.41,0.42,0.81
1628976,215,204,6031,1040,2014,131,415,521,706,507,1403,1910,459,125,182,376,678,2732,5,0.52,0.29,0.75
1628977,232,40,4206,763,1548,60,233,317,514,234,626,860,247,202,59,234,502,1903,5,0.49,0.25,0.61
1628978,244,103,5822,780,1873,392,1097,223,289,243,881,1124,646,274,53,333,410,2175,5,0.41,0.34,0.77
1628981,138,17,1338,172,338,6,41,74,118,131,267,398,92,28,52,85,200,424,4,0.49,0.28,0.68
1628983,291,282,9427,2080,4327,344,987,1405,1678,203,1116,1319,1310,355,215,673,631,5909,5,0.48,0.36,0.83
1628984,292,163,7504,1073,2889,687,1931,521,636,123,549,672,1316,234,45,427,381,3354,5,0.37,0.34,0.8
1628988,271,60,4818,685,1658,251,671,235,283,70,371,441,578,173,61,262,412,1856,5,0.42,0.37,0.83
1628989,322,264,9599,1452,3310,694,1810,251,328,194,926,1120,1015,307,109,435,763,3849,5,0.44,0.38,0.77
1628991,239,230,6466,1340,2914,394,1117,723,916,329,955,1284,270,212,483,395,881,3797,5,0.46,0.34,0.79
1628993,69,1,522,71,142,5,20,29,40,65,138,203,31,13,10,28,53,176,5,0.45,0.21,0.65
1628995,253,62,4599,653,1720,283,820,286,402,132,599,731,187,95,72,214,411,1875,5,0.39,0.34,0.74
1628997,175,60,3849,510,1117,176,479,177,240,171,456,627,227,150,66,150,293,1373,4,0.45,0.39,0.75
1628998,178,24,3752,390,854,98,308,146,222,180,448,628,371,168,54,147,259,1024,4,0.44,0.28,0.62
1629001,283,94,6233,904,2194,404,1091,282,367,210,844,1054,792,398,140,408,552,2494,5,0.41,0.36,0.77
1629002,181,26,2427,417,865,77,256,150,195,114,520,634,135,85,66,138,224,1061,5,0.49,0.18,0.77
1629003,225,43,4777,820,1792,225,616,332,403,113,437,550,608,112,58,267,431,2197,5,0.45,0.36,0.8
1629004,233,46,3785,517,1297,296,832,142,182,70,332,402,299,133,21,204,230,1472,5,0.41,0.39,0.73
1629006,290,124,5617,582,1453,166,603,452,604,286,565,851,333,262,120,255,545,1782,5,0.4,0.28,0.74
1629008,161,107,4120,894,1757,344,822,221,279,201,759,960,171,102,98,177,326,2353,4,0.47,0.37,0.74
1629010,92,7,1102,118,341,48,166,33,48,12,127,139,90,36,17,58,132,317,3,0.34,0.29,0.68
1629011,268,154,6495,949,1326,0,0,318,594,936,1122,2058,165,231,526,176,803,2216,5,0.7,0.0,0.53
1629012,259,218,8152,1826,3947,368,963,919,1110,223,531,754,831,204,27,615,604,4939,5,0.47,0.36,0.81
1629013,238,86,5628,714,1784,492,1276,271,319,48,397,445,431,110,36,179,422,2191,5,0.4,0.39,0.85
1629014,262,86,6203,1163,2674,573,1466,367,428,82,514,596,629,109,36,342,475,3266,5,0.43,0.38,0.8
1629018,251,153,7265,1291,3051,619,1603,439,531,98,472,570,361,305,60,184,412,3640,5,0.41,0.36,0.75
1629020,209,138,4348,537,928,22,78,218,347,461,964,1425,315,222,108,202,445,1314,5,0.44,0.14,0.69
1629021,208,40,3305,597,1198,158,502,360,437,174,597,771,252,103,59,225,485,1712,5,0.49,0.31,0.82
1629022,245,88,5281,921,2183,327,937,297,371,67,507,574,378,138,63,218,344,2466,5,0.41,0.37,0.8
1629023,240,199,7216,1114,2489,411,1124,345,479,288,1023,1311,560,224,238,378,624,2984,4,0.45,0.37,0.72
1629026,244,68,5386,666,1427,214,599,101,193,347,769,1116,485,204,79,201,495,1647,5,0.45,0.36,0.52
1629027,327,327,11068,2673,6101,830,2369,2170,2482,216,1005,1221,3007,306,49,1352,554,8346,5,0.44,0.35,0.87
1629028,282,275,8624,2053,3446,21,79,545,730,877,2078,2955,478,189,277,493,791,4672,5,0.59,0.22,0.75
1629029,311,311,10642,2904,6245,862,2540,1861,2530,316,2356,2672,2489,349,135,1251,717,8531,5,0.47,0.34,0.73
1629033,113,0,897,97,310,46,188,52,57,19,125,144,108,30,6,62,75,292,5,0.29,0.23,0.74
1629048,170,21,1963,311,648,55,215,144,212,189,293,482,133,49,149,103,300,821,4,0.48,0.25,0.65
1629052,154,42,2979,377,905,157,444,232,325,189,470,659,122,95,58,92,230,1143,4,0.41,0.33,0.74
1629056,201,23,3309,595,1369,289,796,159,188,96,479,575,286,137,49,204,355,1638,4,0.43,0.36,0.85
1629057,193,87,3902,628,857,0,3,155,232,496,812,1308,281,139,325,164,361,1411,5,0.73,0.0,0.66
1629060,183,122,5074,935,1954,160,452,341,446,182,749,931,255,118,37,191,323,2371,4,0.48,0.35,0.75
1629103,69,4,824,133,322,49,157,39,41,31,145,176,40,17,19,36,86,354,3,0.28,0.22,0.62
1629111,100,3,1249,220,433,46,158,95,118,140,184,324,87,21,37,74,137,581,2,0.51,0.29,0.81
1629117,119,8,1483,212,400,36,107,86,136,147,221,368,52,40,51,77,231,546,4,0.49,0.33,0.64
1629130,267,209,7133,1010,2350,808,2017,204,236,50,708,758,396,133,53,234,642,3032,5,0.41,0.37,0.83
1629134,162,113,4140,822,1823,300,837,158,181,47,367,414,402,119,32,225,295,2102,3,0.44,0.35,0.86
1629139,160,8,2166,259,583,116,293,85,124,91,317,408,107,64,52,61,175,719,5,0.42,0.34,0.65
1629162,161,7,2717,303,686,97,287,88,118,57,224,281,563,157,22,134,136,791,4,0.44,0.32,0.8
1629185,91,4,1038,112,317,59,172,20,25,22,95,117,217,42,11,81,90,303,4,0.32,0.35,0.61
1629216,167,40,3328,443,1116,236,701,104,123,47,229,276,386,124,17,191,339,1226,4,0.35,0.31,0.64
1629234,221,45,3355,518,846,11,33,252,342,316,664,980,202,82,172,194,366,1299,5,0.62,0.53,0.76
1629308,169,35,2739,298,573,77,222,76,121,80,444,524,328,112,55,162,302,749,4,0.51,0.32,0.65
1629312,62,10,934,92,224,41,118,10,27,53,123,176,35,33,13,33,74,235,3,0.39,0.3,0.27
1629597,5,0,56,6,12,0,3,0,0,3,6,9,3,1,1,4,10,12,2,0.33,0.0,0.0
1629599,169,41,2659,326,749,135,364,179,221,56,249,305,208,60,20,83,185,966,4,0.42,0.35,0.73
1629603,41,6,421,52,112,5,27,17,25,28,76,104,12,13,19,16,60,126,3,0.46,0.14,0.44
1629604,88,28,1366,146,374,44,160,71,99,77,182,259,97,41,22,61,143,407,2,0.39,0.25,0.72
1629610,29,3,411,47,105,16,58,6,7,13,49,62,24,12,7,8,45,116,3,0.47,0.19,0.61
1629611,244,79,5204,728,1474,169,449,285,364,223,697,920,481,126,55,195,447,1910,4,0.49,0.38,0.76
1629614,47,36,1289,158,371,59,173,24,27,25,112,137,192,49,9,84,127,399,1,0.43,0.34,0.89
1629622,161,41,3651,564,1318,365,982,117,143,65,364,429,226,74,27,116,264,1610,4,0.49,0.27,0.84
1629623,19,0,199,26,61,9,26,19,35,3,22,25,23,5,1,12,17,80,1,0.43,0.35,0.54
1629626,101,34,1483,270,487,40,115,85,118,67,307,374,59,29,88,117,94,665,4,0.52,0.35,0.65
1629627,114,114,3650,1129,1866,23,67,660,955,289,504,793,409,105,64,325,242,2941,3,0.6,0.36,0.68
1629628,246,245,8306,1589,3773,411,1173,850,1199,229,1132,1361,704,174,61,524,570,4439,4,0.42,0.35,0.71
1629629,138,70,3536,508,1296,191,585,269,321,84,351,435,180,145,56,189,277,1476,4,0.4,0.32,0.85
1629630,231,231,7452,1881,3983,294,904,1106,1467,239,854,1093,1703,225,66,775,362,5162,4,0.47,0.33,0.75
1629631,183,177,5681,905,2049,285,787,438,547,115,646,761,286,122,59,256,528,2533,4,0.45,0.36,0.81
1629632,239,72,6442,1099,2654,506,1382,341,404,82,730,812,762,149,36,371,509,3045,4,0.42,0.37,0.83
1629633,144,43,2480,367,915,92,333,108,212,127,275,402,173,100,54,136,239,934,4,0.4,0.22,0.56
1629634,227,27,4866,1035,1714,49,169,337,477,398,868,1266,316,160,200,172,420,2456,4,0.61,0.25,0.71
1629636,226,222,7642,1523,3418,497,1295,588,672,109,481,590,1509,255,22,695,408,4131,4,0.44,0.38,0.87
1629637,223,47,3852,648,1038,30,98,399,556,330,588,918,158,92,159,164,461,1725,4,0.61,0.29,0.72
1629638,144,19,2275,389,942,167,472,111,154,31,279,310,284,93,48,176,218,1056,4,0.4,0.35,0.75
1629639,217,75,6763,1390,3166,525,1377,478,553,91,971,1062,755,151,46,465,311,3783,4,0.44,0.38,0.86
1629640,208,189,6191,1226,2636,341,927,542,712,225,926,1151,419,145,49,279,407,3335,4,0.49,0.41,0.77
1629641,130,30,2070,232,534,52,176,74,116,103,173,276,90,52,40,59,159,590,4,0.41,0.27,0.67
1629642,170,31,2812,356,779,124,369,149,209,135,410,545,125,53,72,90,236,985,4,0.46,0.33,0.7
1629643,133,46,3274,383,986,185,572,101,126,110,494,604,245,156,73,104,177,1052,3,0.39,0.32,0.79
1629644,98,12,965,85,208,28,98,24,36,40,108,148,47,23,26,28,125,222,4,0.46,0.23,0.66
1629645,177,127,5264,946,2211,346,986,407,572,140,606,746,874,187,60,519,461,2645,4,0.43,0.34,0.72
1629646,47,1,495,77,117,2,10,25,36,66,121,187,36,13,39,36,82,181,2,0.65,0.17,0.71
1629647,220,118,5314,742,1813,229,740,321,475,181,1019,1200,269,128,165,278,218,2034,4,0.41,0.33,0.66
1629650,126,39,1585,275,482,0,0,157,278,253,418,671,16,42,78,80,191,707,4,0.54,0.0,0.51
1629651,143,69,3202,574,837,2,14,177,341,279,634,913,169,83,228,126,328,1327,4,0.65,0.09,0.52
1629652,186,178,5454,852,2139,363,1073,444,565,166,515,681,310,171,53,256,533,2511,4,0.4,0.33,0.78
1629653,28,0,188,23,54,4,20,5,9,9,15,24,30,10,0,8,23,55,3,0.37,0.2,0.19
1629655,196,90,3342,608,861,0,1,243,377,351,527,878,146,72,251,161,433,1459,4,0.71,0.0,0.63
1629656,89,44,2099,254,587,155,420,64,81,62,183,245,133,62,28,73,185,727,2,0.43,0.37,0.75
1629659,172,25,3527,568,1320,117,432,246,318,80,384,464,443,157,64,241,343,1499,4,0.44,0.28,0.7
1629660,143,7,2469,373,895,166,471,102,124,39,224,263,356,79,19,122,210,1014,4,0.41,0.35,0.82
1629661,199,51,4822,734,1657,432,1093,221,263,136,583,719,278,144,58,127,315,2121,4,0.45,0.4,0.83
1629662,30,0,264,39,91,18,53,16,19,15,47,62,14,8,12,12,30,112,3,0.45,0.24,0.6
1629667,173,41,3570,508,1095,150,437,198,255,141,530,671,234,125,72,171,382,1364,4,0.47,0.35,0.78
1629669,174,2,2965,591,1335,170,533,201,253,75,301,376,323,89,27,122,243,1553,4,0.42,0.28,0.83
1629670,130,18,2056,324,794,147,391,92,111,75,323,398,104,54,32,115,134,887,3,0.42,0.4,0.82
1629672,158,31,3086,580,1173,95,291,297,392,140,369,509,214,53,25,164,244,1552,3,0.49,0.33,0.75
1629673,237,102,6160,1213,2878,516,1535,663,756,79,539,618,765,167,54,491,526,3605,4,0.41,0.33,0.87
1629674,19,0,145,23,46,0,0,11,19,18,22,40,7,1,9,7,25,57,2,0.6,0.0,0.32
1629675,224,40,3905,832,1665,194,574,319,448,274,701,975,223,122,213,233,548,2177,4,0.49,0.34,0.7
1629676,146,63,2773,431,881,93,259,181,269,182,467,649,212,102,77,178,312,1136,4,0.36,0.27,0.46
1629678,98,3,1187,133,313,63,194,39,49,43,145,188,63,18,12,34,160,368,3,0.43,0.32,0.79
1629680,243,78,4841,413,920,164,505,76,114,133,307,440,240,356,203,129,487,1066,4,0.45,0.32,0.65
1629681,54,4,643,62,184,37,119,14,19,27,57,84,30,28,23,15,78,175,2,0.34,0.31,0.72
1629683,42,0,272,33,73,3,16,19,23,6,26,32,24,12,4,18,41,88,3,0.44,0.19,0.77
1629684,261,53,5486,554,1213,257,672,222,279,227,644,871,294,133,138,225,644,1587,4,0.45,0.36,0.77
1629685,81,0,972,94,228,47,147,36,45,41,155,196,67,33,15,48,84,271,2,0.41,0.32,0.81
1629686,23,0,160,15,50,11,35,3,6,0,35,35,6,5,1,5,13,44,2,0.22,0.25,0.25
1629716,7,0,32,1,3,0,0,5,8,3,5,8,0,3,2,2,1,7,2,0.17,0.0,0.31
1629718,41,3,370,29,101,9,42,23,25,19,34,53,17,16,8,14,40,90,3,0.29,0.22,0.93
1629723,178,29,3073,331,675,125,323,73,104,182,541,723,246,131,45,80,204,860,4,0.52,0.41,0.69
1629726,192,57,3579,365,924,287,785,299,354,64,299,363,123,117,36,77,362,1316,4,0.4,0.37,0.88
1629731,150,56,2801,293,652,162,436,63,91,84,386,470,151,83,42,60,228,811,4,0.51,0.41,0.51
1629750,182,50,2910,353,657,68,198,167,221,166,356,522,126,141,66,92,267,941,4,0.54,0.34,0.73
1629788,1,0,2,0,0,0,0,0,0,0,0,0,0,0,0,0,0,0,1,0.0,0.0,0.0
1629875,10,0,137,25,51,5,14,3,5,2,12,14,24,7,3,6,9,58,1,0.49,0.36,0.6
1629962,13,0,219,26,72,21,53,11,14,1,10,11,11,10,4,7,18,84,2,0.37,0.39,0.79
1630162,199,182,6794,1543,3516,537,1533,667,859,156,857,1013,737,280,116,539,432,4290,3,0.44,0.35,0.78
1630163,154,134,4870,1061,2496,420,1128,422,507,203,766,969,1111,240,59,484,471,2964,3,0.42,0.37,0.83
1630164,59,27,1093,247,459,13,40,80,124,73,224,297,40,14,43,74,160,587,2,0.57,0.41,0.66
1630165,142,90,3637,440,1165,123,425,109,140,60,355,415,700,170,61,294,387,1112,3,0.37,0.29,0.79
1630166,186,70,4547,537,1257,179,578,215,293,128,869,997,355,135,85,192,479,1468,3,0.43,0.31,0.71
1630167,173,10,2505,453,909,127,384,132,173,113,419,532,140,56,54,100,196,1165,3,0.49,0.33,0.77
1630168,150,27,2859,456,694,1,8,194,272,316,517,833,123,87,159,126,420,1107,3,0.66,0.07,0.7
1630169,151,113,4909,865,1845,349,864,245,285,105,432,537,1118,238,78,317,198,2324,3,0.47,0.4,0.86
1630170,162,63,3900,655,1530,271,733,195,237,74,521,595,296,154,71,125,273,1776,3,0.43,0.37,0.82
1630171,188,152,5256,558,1229,154,482,287,387,177,370,547,304,159,69,178,460,1557,3,0.46,0.32,0.74
1630172,140,131,3934,507,1062,145,353,179,231,132,492,624,181,111,99,183,261,1338,3,0.49,0.44,0.78
1630173,164,38,3132,505,1072,71,219,195,328,284,590,874,142,76,90,163,305,1276,3,0.49,0.2,0.6
1630174,145,39,2372,307,735,142,420,118,140,81,311,392,101,73,35,99,316,874,3,0.42,0.33,0.82
1630175,148,102,4244,726,1804,230,682,421,492,92,642,734,707,99,55,332,362,2103,3,0.41,0.34,0.86
1630176,32,5,156,22,48,1,7,13,16,12,28,40,4,4,7,8,18,58,3,0.39,0.05,0.83
1630178,168,104,4656,915,1940,241,610,380,448,49,386,435,563,108,50,178,300,2451,3,0.47,0.37,0.85
1630180,202,165,6060,968,2412,485,1354,507,603,206,783,989,408,173,40,209,320,2928,3,0.4,0.36,0.84
1630181,115,14,1996,250,631,87,254,115,166,42,241,283,206,63,19,119,145,702,3,0.41,0.32,0.74
1630182,140,11,2256,269,524,65,183,91,134,112,209,321,156,92,19,91,239,694,3,0.5,0.31,0.66
1630183,185,110,4920,651,1371,215,616,147,201,196,529,725,252,138,168,198,578,1664,3,0.47,0.35,0.71
1630184,87,0,1336,207,520,56,189,61,71,22,103,125,179,51,12,65,117,531,3,0.43,0.28,0.89
1630188,125,37,1979,366,763,85,285,158,207,192,424,616,76,33,83,105,219,975,3,0.47,0.28,0.75
1630191,182,125,4487,645,1279,91,279,233,323,489,928,1417,199,80,193,211,511,1614,3,0.5,0.33,0.72
1630192,126,7,1655,229,437,73,182,88,132,126,187,313,38,39,35,48,184,619,3,0.52,0.38,0.7
1630193,195,15,4518,746,1844,344,955,445,509,91,510,601,573,129,21,218,392,2281,3,0.41,0.36,0.87
1630194,103,2,846,149,267,2,18,25,42,126,154,280,42,68,50,45,159,325,3,0.56,0.08,0.56
1630195,48,2,306,20,73,5,22,11,13,19,29,48,28,9,1,20,34,56,2,0.24,0.14,0.42
1630197,137,65,3000,432,1107,153,505,87,125,148,539,687,290,79,121,234,203,1104,3,0.4,0.32,0.69
1630198,140,4,1660,224,555,172,439,84,100,27,157,184,101,54,13,48,144,704,3,0.39,0.38,0.84
1630200,157,63,2917,457,998,48,187,200,236,77,279,356,594,117,15,148,166,1162,3,0.47,0.35,0.85
1630201,128,20,1982,264,703,121,359,73,97,33,203,236,261,72,14,72,163,722,3,0.38,0.34,0.73
1630202,174,8,2736,412,960,237,596,69,78,86,264,350,299,74,16,121,192,1130,3,0.42,0.38,0.85
1630205,140,31,2224,299,634,40,148,115,162,94,286,380,90,62,45,83,210,753,3,0.47,0.25,0.71
1630206,22,1,205,32,82,8,30,12,15,4,26,30,9,8,3,14,14,84,2,0.39,0.25,0.85
1630207,23,0,95,15,43,4,19,7,10,1,8,9,8,7,2,6,8,41,2,0.18,0.11,0.35
1630208,109,5,1126,190,301,0,1,117,164,142,184,326,36,18,57,61,151,497,3,0.58,0.0,0.69
1630209,56,12,706,130,247,1,11,38,61,85,209,294,49,17,20,41,84,299,1,0.53,0.09,0.62
1630214,145,18,2230,332,627,35,124,101,164,200,342,542,169,118,60,94,213,800,3,0.54,0.28,0.6
1630215,42,1,360,61,151,28,88,11,16,5,40,45,63,17,8,33,47,161,1,0.4,0.32,0.69
1630217,174,123,4712,967,2090,438,1009,284,320,95,593,688,447,157,54,237,396,2656,3,0.46,0.43,0.87
1630219,61,5,489,76,162,22,65,30,34,15,45,60,47,21,2,19,24,204,2,0.47,0.34,0.88
1630223,13,2,172,36,72,17,36,7,9,3,15,18,17,8,0,14,15,96,1,0.5,0.47,0.78
1630224,116,116,3820,761,1822,279,829,410,520,61,366,427,356,79,30,277,185,2211,2,0.42,0.34,0.79
1630225,16,0,87,8,30,4,19,2,6,3,9,12,4,4,2,4,4,22,2,0.26,0.12,0.17
1630227,64,5,883,75,209,35,118,38,61,19,83,102,143,40,6,83,59,223,2,0.37,0.29,0.62
1630228,111,19,1977,372,729,77,231,182,271,94,270,364,135,49,41,131,245,1003,2,0.51,0.33,0.66
1630230,136,32,2667,361,879,100,346,224,291,89,383,472,276,97,29,148,203,1046,3,0.41,0.29,0.76
1630231,177,30,4086,681,1270,142,408,215,330,230,599,829,229,86,99,156,295,1719,3,0.53,0.35,0.66
1630233,99,2,766,119,251,17,64,117,156,77,124,201,39,24,22,47,96,372,3,0.49,0.29,0.75
1630235,108,9,1307,132,276,10,55,59,70,39,133,172,182,45,12,79,81,333,3,0.47,0.13,0.82
1630237,68,6,1234,155,336,80,215,45,57,60,148,208,95,28,16,61,131,435,3,0.3,0.24,0.54
1630238,10,0,46,3,12,3,6,0,0,0,13,13,0,0,0,2,6,9,2,0.28,0.5,0.0
1630241,36,2,291,40,96,28,70,6,8,7,30,37,25,8,1,12,20,114,2,0.39,0.38,0.75
1630245,127,82,3495,474,914,114,318,100,138,61,305,366,389,96,47,175,309,1162,2,0.52,0.35,0.73
1630249,50,8,807,78,194,37,116,20,24,20,94,114,68,22,9,32,76,213,2,0.39,0.3,0.68
1630250,11,0,38,4,16,1,6,8,11,5,5,10,0,1,1,2,6,17,2,0.13,0.1,0.36
1630253,18,0,158,13,33,5,22,8,8,6,13,19,4,2,3,4,8,39,1,0.39,0.23,1.0
1630256,163,137,4405,721,1451,129,417,249,355,290,563,853,443,167,79,262,559,1820,3,0.48,0.31,0.7
1630264,106,8,1035,135,241,23,67,75,92,68,119,187,55,20,20,31,130,368,3,0.56,0.32,0.82
1630268,7,0,26,2,7,2,7,3,3,1,0,1,1,0,1,1,1,9,1,0.29,0.29,1.0
1630270,2,0,8,0,2,0,2,0,0,1,1,2,0,0,0,0,2,0,1,0.0,0.0,0.0
1630271,44,1,459,47,126,18,68,34,51,10,53,63,41,16,11,28,47,146,2,0.4,0.25,0.64
1630284,27,0,336,32,77,11,28,22,27,23,30,53,12,13,3,16,36,97,1,0.42,0.39,0.82
1630288,23,0,201,20,51,2,13,5,5,13,18,31,22,7,2,7,10,47,2,0.39,0.18,1.0
1630296,5,0,15,2,3,0,1,2,2,1,2,3,1,1,0,2,1,6,2,0.75,0.0,0.5
1630322,44,1,679,97,242,76,208,9,12,13,91,104,39,25,14,16,50,279,2,0.4,0.37,0.76
1630346,18,0,138,19,49,15,41,4,4,2,7,9,6,4,1,3,9,57,2,0.3,0.29,0.5
1630526,75,54,1635,219,498,87,241,62,82,126,277,403,74,48,26,55,124,587,2,0.45,0.37,0.76
1630527,70,0,978,167,433,45,139,85,106,24,114,138,70,34,13,42,62,464,2,0.39,0.35,0.79
1630528,109,3,1664,287,636,64,226,106,144,62,163,225,179,76,21,144,119,744,2,0.46,0.26,0.74
1630529,116,107,3418,404,875,87,275,220,273,149,290,439,247,194,85,152,366,1115,2,0.46,0.31,0.8
1630530,113,42,2354,333,741,180,464,135,148,87,248,335,104,76,33,54,163,981,2,0.44,0.39,0.9
1630531,9,0,32,8,13,0,0,3,4,5,4,9,1,2,4,2,7,19,2,0.79,0.0,0.38
1630532,131,131,4155,827,1732,183,507,377,445,133,434,567,412,115,44,230,280,2214,2,0.48,0.36,0.85
1630533,88,34,1819,257,580,96,322,56,72,36,160,196,87,47,17,69,163,666,2,0.44,0.28,0.77
1630534,31,0,413,49,99,23,58,10,16,19,32,51,14,4,4,9,41,131,1,0.5,0.4,0.62
1630535,63,6,729,92,216,20,67,49,77,40,113,153,36,30,29,42,103,253,2,0.42,0.24,0.55
1630536,13,0,39,3,14,1,6,0,0,0,5,5,5,0,0,5,1,7,1,0.21,0.17,0.0
1630537,87,49,2147,350,852,130,377,140,171,51,252,303,163,70,18,117,142,970,2,0.39,0.33,0.83
1630538,111,5,2130,403,1005,222,599,178,207,24,250,274,316,69,33,153,219,1206,2,0.4,0.37,0.86
1630539,48,0,300,40,73,4,13,11,20,23,40,63,9,6,13,15,38,95,2,0.58,0.39,0.52
1630540,82,4,919,84,259,44,164,24,36,14,64,78,92,40,3,24,85,236,2,0.32,0.27,0.67
1630541,92,14,1200,150,341,76,210,54,73,36,113,149,60,20,15,40,78,430,2,0.44,0.36,0.74
1630543,76,20,1160,222,396,6,25,120,176,118,190,308,45,42,112,77,181,570,2,0.56,0.21,0.68
1630544,107,30,2245,377,960,159,472,89,117,44,239,283,166,79,21,116,179,1002,2,0.39,0.33,0.74
1630547,57,0,658,89,263,33,113,42,53,27,76,103,54,20,5,34,58,253,2,0.34,0.3,0.78
1630549,59,9,655,127,228,6,12,39,64,123,133,256,36,15,30,52,110,299,2,0.55,0.54,0.62
1630550,74,0,713,65,164,21,84,29,43,32,83,115,36,18,21,29,60,180,2,0.41,0.25,0.67
1630551,39,0,292,34,70,10,28,9,9,38,38,76,12,8,4,8,33,87,2,0.73,0.18,0.5
1630552,72,6,851,122,251,25,89,44,65,35,182,217,49,27,24,32,84,313,2,0.51,0.26,0.69
1630553,62,12,959,137,384,53,154,50,68,31,84,115,100,40,16,73,96,377,2,0.36,0.35,0.67
1630554,12,0,118,17,40,5,18,0,2,2,20,22,27,2,0,9,7,39,1,0.42,0.28,0.0
1630556,61,24,1061,116,289,50,147,17,21,50,136,186,33,32,25,46,88,299,2,0.34,0.27,0.67
1630557,121,65,3014,383,822,196,516,103,119,72,259,331,144,62,27,83,153,1065,2,0.47,0.39,0.87
1630558,125,23,2982,467,1097,140,437,71,105,43,194,237,417,80,35,157,212,1145,2,0.44,0.32,0.7
1630559,97,31,2457,270,572,98,292,194,224,68,236,304,190,49,34,89,147,832,2,0.47,0.34,0.87
1630560,102,2,1685,321,725,69,229,153,188,21,190,211,126,46,12,85,97,864,2,0.45,0.34,0.81
1630561,36,7,467,58,151,9,43,21,29,36,46,82,29,19,8,22,59,146,2,0.4,0.12,0.66
1630563,54,16,1058,110,296,45,149,51,68,34,92,126,99,21,25,68,87,316,2,0.36,0.28,0.76
1630567,125,124,4402,770,1611,104,347,289,384,320,604,924,505,132,99,238,300,1933,2,0.48,0.3,0.76
1630568,51,5,547,104,222,25,76,61,91,79,61,140,29,11,7,24,84,294,2,0.48,0.33,0.7
1630570,85,12,1452,216,394,22,67,111,146,79,240,319,138,39,34,77,178,565,2,0.56,0.34,0.76
1630572,61,3,578,73,161,28,77,25,34,47,79,126,36,11,12,21,42,199,2,0.42,0.33,0.7
1630573,77,0,885,121,276,93,234,10,15,25,125,150,45,15,13,18,64,345,2,0.45,0.41,0.33
1630577,2,0,7,0,2,0,1,0,0,0,0,0,0,1,0,0,0,0,1,0.0,0.0,0.0
1630578,120,58,2831,540,1033,39,149,310,429,293,522,815,355,100,118,263,378,1429,2,0.52,0.28,0.72
1630579,82,15,1174,109,141,0,0,20,39,137,220,357,41,22,48,39,139,238,2,0.76,0.0,0.61
1630580,31,0,222,23,61,17,47,7,13,4,10,14,10,4,3,3,14,70,2,0.48,0.54,0.27
1630581,101,101,3154,611,1347,103,358,112,151,192,604,796,620,87,43,315,188,1437,2,0.45,0.29,0.74
1630583,81,17,1436,216,469,71,221,87,125,84,232,316,79,39,43,50,133,590,2,0.44,0.25,0.67
1630585,12,0,128,5,21,1,4,2,5,9,14,23,7,5,3,2,16,13,1,0.24,0.25,0.4
1630586,71,3,892,79,158,18,48,24,43,103,200,303,63,41,34,39,108,200,2,0.48,0.36,0.62
1630587,51,14,1034,99,237,68,178,33,41,32,98,130,41,26,25,36,98,299,2,0.43,0.39,0.82
1630590,6,0,32,4,12,1,3,5,9,2,2,4,2,2,1,2,3,14,1,0.33,0.33,0.56
1630591,77,58,1962,292,775,74,304,172,230,50,201,251,317,97,31,199,212,830,2,0.39,0.26,0.73
1630593,21,0,168,14,34,2,9,6,10,4,15,19,28,7,3,12,17,36,2,0.53,0.32,0.3
1630595,76,76,2488,522,1255,131,424,178,211,70,358,428,428,88,50,273,234,1353,2,0.42,0.3,0.84
1630596,121,121,4110,749,1422,35,154,297,440,268,768,1036,316,93,186,242,294,1830,2,0.53,0.22,0.68
1630598,91,45,1965,255,537,70,211,96,127,94,218,312,127,49,17,89,158,676,2,0.48,0.34,0.77
1630600,8,0,26,4,8,1,2,0,0,1,10,11,0,1,0,0,2,9,1,0.5,0.5,0.0
1630606,4,0,40,8,17,4,9,0,0,1,4,5,2,2,1,2,1,20,1,0.47,0.44,0.0
1630612,14,0,63,6,18,0,2,3,4,3,4,7,12,1,0,3,2,15,1,0.33,0.0,0.75
1630613,79,10,1362,267,683,121,326,62,85,6,113,119,148,32,7,91,89,717,2,0.39,0.37,0.71
1630624,2,0,8,0,2,0,0,0,0,1,0,1,1,1,0,1,1,0,1,0.0,0.0,0.0
1630625,88,3,929,127,307,26,95,40,61,47,110,157,127,40,22,67,95,320,2,0.42,0.28,0.71
1630631,107,10,1994,311,732,108,333,101,133,48,183,231,318,131,16,113,182,831,2,0.43,0.32,0.75
1630637,6,0,24,2,10,0,1,2,2,1,2,3,5,1,0,3,0,6,2,0.56,0.0,0.5
1630639,1,0,2,1,1,0,0,0,0,0,1,1,0,0,0,0,1,2,1,1.0,0.0,0.0
1630643,4,0,20,0,3,0,2,0,0,1,3,4,1,1,1,1,1,0,1,0.0,0.0,0.0
1630647,24,2,265,43,90,9,31,15,25,21,32,53,13,13,0,14,44,110,2,0.44,0.39,0.56
1630648,6,0,36,2,13,2,7,2,2,2,6,8,1,2,0,1,1,8,2,0.3,0.58,0.5
1630678,58,9,937,164,284,16,56,41,58,117,94,211,50,17,13,32,84,385,2,0.53,0.27,0.71
1630688,82,1,921,93,240,53,157,15,23,60,74,134,52,50,16,31,123,254,2,0.39,0.33,0.66
1630691,13,0,176,18,50,13,39,1,2,6,26,32,7,0,7,5,12,50,1,0.36,0.33,0.5
1630692,39,4,696,95,207,26,65,32,42,34,94,128,98,39,19,34,64,248,2,0.23,0.2,0.38
1630696,5,1,67,5,14,1,6,0,0,1,8,9,5,4,3,1,10,11,1,0.36,0.17,0.0
1630699,34,9,506,73,183,35,107,18,25,32,49,81,23,15,2,33,53,199,1,0.4,0.33,0.72
1630700,39,11,778,69,155,20,60,18,29,28,110,138,96,34,10,43,75,176,1,0.44,0.33,0.62
1630701,1,0,1,0,0,0,0,0,0,0,0,0,0,0,0,0,0,0,1,0.0,0.0,0.0
1630702,25,0,252,49,124,13,52,29,34,1,28,29,14,6,3,15,33,140,1,0.4,0.25,0.85
1630792,23,0,214,24,52,13,36,11,14,11,25,36,8,7,3,3,24,72,2,0.23,0.18,0.39
1630846,22,2,421,58,101,13,29,24,29,34,59,93,19,6,15,22,52,153,1,0.57,0.45,0.83
1631093,50,49,1503,261,621,69,207,171,238,49,151,200,228,48,13,143,154,762,1,0.42,0.33,0.72
1631094,47,47,1586,308,733,60,202,279,368,51,258,309,173,48,22,130,108,955,1,0.42,0.3,0.76
1631095,50,50,1480,209,537,81,265,92,118,59,288,347,54,26,48,73,151,591,1,0.39,0.31,0.78
1631097,54,6,1533,296,694,78,241,279,339,59,167,226,75,32,5,101,110,949,1,0.43,0.32,0.82
1631098,10,0,50,4,13,0,3,3,3,1,6,7,2,0,1,1,12,11,1,0.31,0.0,1.0
1631099,49,47,1450,208,472,120,292,48,61,55,168,223,48,35,26,44,101,584,1,0.44,0.41,0.79
1631100,50,11,1039,189,388,81,198,24,26,23,81,104,54,38,6,32,61,483,1,0.49,0.41,0.92
1631101,52,5,1029,160,338,48,139,28,44,38,88,126,26,17,11,35,87,396,1,0.47,0.34,0.64
1631102,19,0,228,32,85,7,40,4,8,1,21,22,24,8,1,9,23,75,1,0.38,0.18,0.5
1631103,39,6,796,123,279,38,129,28,35,10,58,68,72,19,4,39,55,312,1,0.44,0.3,0.8
1631104,9,0,94,15,32,4,9,4,8,2,6,8,9,1,1,10,16,38,1,0.47,0.44,0.5
1631105,46,21,1140,161,245,0,1,60,97,152,242,394,48,30,39,57,122,382,1,0.66,0.0,0.62
1631106,53,3,1026,179,407,38,106,66,84,124,179,303,50,58,31,56,114,462,1,0.44,0.36,0.79
1631107,15,8,204,28,69,8,35,18,19,9,22,31,10,7,2,10,19,82,1,0.41,0.23,0.95
1631108,33,2,479,43,100,26,61,12,14,7,65,72,17,7,6,11,31,124,1,0.43,0.43,0.86
1631109,24,0,332,66,103,0,0,35,47,36,86,122,6,18,23,19,47,167,1,0.64,0.0,0.74
1631110,45,42,1161,181,396,26,97,57,84,75,143,218,112,34,19,77,117,445,1,0.46,0.27,0.68
1631111,20,2,111,13,31,2,13,4,5,2,12,14,10,5,4,7,12,32,1,0.42,0.15,0.8
1631112,6,0,40,4,7,0,1,1,2,2,4,6,3,4,0,2,9,9,1,0.57,0.0,0.5
1631113,23,0,220,26,66,2,14,5,11,6,24,30,46,10,5,16,13,59,1,0.39,0.14,0.46
1631114,48,35,1380,228,452,40,128,69,91,39,153,192,138,51,26,75,123,565,1,0.5,0.31,0.76
1631115,24,1,345,41,78,0,5,20,27,37,64,101,19,12,11,13,44,102,1,0.53,0.0,0.74
1631116,15,0,127,27,62,22,49,4,6,0,21,21,3,6,1,7,7,80,1,0.44,0.45,0.67
1631117,51,17,1035,172,240,0,0,52,98,144,232,376,39,19,104,39,118,396,1,0.72,0.0,0.53
1631119,20,8,283,37,80,12,26,8,15,17,66,83,25,6,3,15,38,94,1,0.46,0.46,0.53
1631120,5,0,12,1,5,0,2,0,0,0,2,2,1,1,0,1,0,2,1,0.2,0.0,0.0
1631121,22,1,304,27,74,9,26,17,20,8,28,36,21,4,4,9,17,80,1,0.36,0.35,0.85
1631128,48,2,683,74,160,19,54,16,27,32,74,106,31,18,10,20,55,183,1,0.46,0.35,0.59
1631132,44,19,653,60,123,1,9,35,53,70,75,145,22,13,47,18,110,156,1,0.49,0.11,0.66
1631133,33,0,281,26,67,3,17,14,21,29,41,70,16,3,5,11,34,69,1,0.39,0.18,0.67
1631157,12,0,62,7,20,3,9,6,6,3,9,12,6,1,1,16,10,23,1,0.35,0.33,1.0
1631160,9,0,83,9,28,3,15,7,9,3,9,12,11,1,0,7,6,28,1,0.32,0.2,0.78
1631165,5,0,11,1,2,1,2,0,0,0,2,2,1,0,0,0,2,3,1,0.5,0.5,0.0
1631169,7,0,16,3,5,0,1,4,4,2,3,5,2,1,2,0,2,10,1,0.6,0.0,1.0
1631172,19,0,284,32,77,13,45,2,5,8,41,49,26,5,6,12,22,79,1,0.42,0.29,0.4
1631197,1,0,12,1,3,0,1,0,0,0,1,1,0,0,0,0,3,2,1,0.33,0.0,0.0
1631199,3,0,9,3,5,2,3,0,0,1,1,2,0,0,0,0,0,8,1,0.6,0.67,0.0
1631205,1,0,1,0,0,0,0,0,0,0,0,0,0,0,0,0,0,0,1,0.0,0.0,0.0
1631207,19,0,60,6,16,1,4,3,4,1,6,7,7,1,2,4,5,16,1,0.38,0.25,0.75
1631211,1,0,1,0,1,0,1,0,0,0,1,1,0,0,0,0,0,0,1,0.0,0.0,0.0
1631212,8,0,19,4,11,0,1,0,0,2,1,3,0,0,0,1,1,8,1,0.36,0.0,0.0
1631213,12,0,44,6,16,1,5,2,2,2,4,6,0,1,0,1,2,15,1,0.38,0.2,1.0
1631214,1,0,5,0,0,0,0,0,0,0,1,1,0,0,0,2,1,0,1,0.0,0.0,0.0
1631216,30,2,496,40,105,28,77,11,13,21,48,69,18,5,3,10,43,119,1,0.38,0.36,0.85
1631217,14,1,162,20,39,1,2,10,16,28,16,44,3,5,5,8,13,51,1,0.51,0.5,0.62
1631220,4,0,8,2,4,0,0,0,0,1,0,1,0,0,0,0,1,4,1,0.5,0.0,0.0
1631222,29,0,380,34,86,21,62,7,9,16,43,59,21,12,4,18,47,96,1,0.4,0.34,0.78
1631223,44,1,789,107,260,37,131,29,47,29,91,120,29,21,12,41,67,280,1,0.41,0.28,0.62
1631230,5,0,33,5,10,0,4,4,4,2,4,6,4,1,0,1,6,14,1,0.5,0.0,1.0
1631246,9,0,49,3,13,1,9,0,0,2,5,7,3,4,1,1,6,7,1,0.23,0.11,0.0
1631254,7,0,29,7,17,0,3,3,5,1,3,4,4,0,0,2,4,17,1,0.41,0.0,0.6
1631260,24,0,219,37,84,28,70,4,4,4,22,26,11,5,0,7,23,106,1,0.44,0.4,1.0
1631288,13,0,181,25,48,2,11,12,16,12,26,38,8,8,0,4,15,64,1,0.52,0.18,0.75
1631298,11,0,34,3,9,1,3,0,0,3,4,7,0,1,2,1,5,7,1,0.33,0.33,0.0
1631306,5,0,37,3,9,3,8,0,0,1,6,7,4,0,0,0,3,9,1,0.33,0.38,0.0
1631309,2,0,10,1,1,1,1,3,3,0,0,0,3,0,0,0,0,6,1,1.0,1.0,1.0
1631320,2,0,8,1,2,0,0,0,2,2,0,2,1,0,0,2,2,2,1,0.5,0.0,0.0
1631323,26,0,211,30,79,21,57,9,14,11,17,28,8,3,5,14,22,90,1,0.38,0.37,0.64
